aval,di,simbolis,10,25000,37.8906,62.1094,50.0456,3.1211,79.6875,100.0000,93.7769,3.0215
aval,di,simbolis,100,25000,37.5000,62.8906,49.9660,3.0909,78.1250,100.0000,93.7518,3.0279
aval,di,simbolis,500,25000,38.2812,63.6719,49.9911,3.0993,78.1250,100.0000,93.7748,3.0058
aval,di,simbolis,1000,25000,37.8906,60.9375,49.9950,3.1306,76.5625,100.0000,93.7429,3.0175
aval,di,simbolis,visi,100000,37.5000,63.6719,49.9994,3.1106,76.5625,100.0000,93.7616,3.0182
hist,di,simbolis,96,1
hist,di,simbolis,97,3
hist,di,simbolis,98,6
hist,di,simbolis,99,6
hist,di,simbolis,100,13
hist,di,simbolis,101,15
hist,di,simbolis,102,24
hist,di,simbolis,103,41
hist,di,simbolis,104,41
hist,di,simbolis,105,65
hist,di,simbolis,106,116
hist,di,simbolis,107,132
hist,di,simbolis,108,229
hist,di,simbolis,109,278
hist,di,simbolis,110,406
hist,di,simbolis,111,530
hist,di,simbolis,112,683
hist,di,simbolis,113,830
hist,di,simbolis,114,1049
hist,di,simbolis,115,1345
hist,di,simbolis,116,1578
hist,di,simbolis,117,1986
hist,di,simbolis,118,2238
hist,di,simbolis,119,2654
hist,di,simbolis,120,3091
hist,di,simbolis,121,3433
hist,di,simbolis,122,3857
hist,di,simbolis,123,4141
hist,di,simbolis,124,4407
hist,di,simbolis,125,4582
hist,di,simbolis,126,4794
hist,di,simbolis,127,4997
hist,di,simbolis,128,4925
hist,di,simbolis,129,4931
hist,di,simbolis,130,4790
hist,di,simbolis,131,4602
hist,di,simbolis,132,4435
hist,di,simbolis,133,4243
hist,di,simbolis,134,3756
hist,di,simbolis,135,3376
hist,di,simbolis,136,3016
hist,di,simbolis,137,2676
hist,di,simbolis,138,2239
hist,di,simbolis,139,1956
hist,di,simbolis,140,1625
hist,di,simbolis,141,1384
hist,di,simbolis,142,1064
hist,di,simbolis,143,905
hist,di,simbolis,144,665
hist,di,simbolis,145,500
hist,di,simbolis,146,359
hist,di,simbolis,147,320
hist,di,simbolis,148,180
hist,di,simbolis,149,151
hist,di,simbolis,150,104
hist,di,simbolis,151,75
hist,di,simbolis,152,49
hist,di,simbolis,153,47
hist,di,simbolis,154,17
hist,di,simbolis,155,15
hist,di,simbolis,156,13
hist,di,simbolis,157,4
hist,di,simbolis,158,1
hist,di,simbolis,159,1
hist,di,simbolis,160,1
hist,di,simbolis,161,2
hist,di,simbolis,162,1
hist,di,simbolis,163,1
aval,di,bitas,10,25000,37.5000,64.0625,50.0203,3.1230,78.1250,100.0000,93.7892,3.0142
aval,di,bitas,100,25000,39.0625,62.5000,49.9594,3.0859,79.6875,100.0000,93.7411,3.0084
aval,di,bitas,500,25000,37.5000,62.8906,49.9828,3.1320,79.6875,100.0000,93.7487,3.0341
aval,di,bitas,1000,25000,36.7188,63.2812,50.0130,3.1233,78.1250,100.0000,93.7567,3.0439
aval,di,bitas,visi,100000,36.7188,64.0625,49.9939,3.1162,78.1250,100.0000,93.7589,3.0253
hist,di,bitas,94,1
hist,di,bitas,96,3
hist,di,bitas,97,3
hist,di,bitas,98,1
hist,di,bitas,99,4
hist,di,bitas,100,5
hist,di,bitas,101,18
hist,di,bitas,102,18
hist,di,bitas,103,42
hist,di,bitas,104,58
hist,di,bitas,105,91
hist,di,bitas,106,114
hist,di,bitas,107,171
hist,di,bitas,108,229
hist,di,bitas,109,270
hist,di,bitas,110,426
hist,di,bitas,111,543
hist,di,bitas,112,656
hist,di,bitas,113,882
hist,di,bitas,114,1021
hist,di,bitas,115,1334
hist,di,bitas,116,1599
hist,di,bitas,117,1946
hist,di,bitas,118,2215
hist,di,bitas,119,2632
hist,di,bitas,120,3059
hist,di,bitas,121,3391
hist,di,bitas,122,3836
hist,di,bitas,123,4105
hist,di,bitas,124,4406
hist,di,bitas,125,4626
hist,di,bitas,126,4876
hist,di,bitas,127,5018
hist,di,bitas,128,5035
hist,di,bitas,129,4941
hist,di,bitas,130,4830
hist,di,bitas,131,4630
hist,di,bitas,132,4349
hist,di,bitas,133,4087
hist,di,bitas,134,3854
hist,di,bitas,135,3437
hist,di,bitas,136,3027
hist,di,bitas,137,2592
hist,di,bitas,138,2251
hist,di,bitas,139,1891
hist,di,bitas,140,1607
hist,di,bitas,141,1312
hist,di,bitas,142,1089
hist,di,bitas,143,916
hist,di,bitas,144,683
hist,di,bitas,145,491
hist,di,bitas,146,412
hist,di,bitas,147,262
hist,di,bitas,148,201
hist,di,bitas,149,172
hist,di,bitas,150,101
hist,di,bitas,151,68
hist,di,bitas,152,59
hist,di,bitas,153,37
hist,di,bitas,154,29
hist,di,bitas,155,16
hist,di,bitas,156,6
hist,di,bitas,157,6
hist,di,bitas,158,4
hist,di,bitas,159,1
hist,di,bitas,160,2
hist,di,bitas,161,1
hist,di,bitas,162,1
hist,di,bitas,164,1
