runs,a.bin,23c85b745d9b90784895ef9c56457094ed1f5fb0bf9a07bca618013466a8f59d,1
typed,a.bin,1
text,a.bin,1
runs,b.bin,8b6a10c5d1d27b2a8c05428f7633e11a44868d5621e591b088afad92ba884976,1
typed,b.bin,1
text,b.bin,1
runs,empty.bin,f83958be8ca002bca110726b8b5c768ebc1a8cc5a2f2e183538c783707d97286,1
typed,empty.bin,1
text,empty.bin,1
runs,random_1_end.txt,cce4bf38dda099c85b0d54aa827a6241f44c97c6ce1e5a0b2aa131d37986b0d6,1
typed,random_1_end.txt,1
text,random_1_end.txt,1
runs,random_1_middle.txt,0e765b4084d9bd528dc75fb06a3909a64f0ed4b2d9ac122aaf707443501a0b8f,1
typed,random_1_middle.txt,1
text,random_1_middle.txt,1
runs,random_1_start.txt,e5d649dfc9acb9b75d8131aeb02938a97632706b34cbaccc5a4021b6b130a2b4,1
typed,random_1_start.txt,1
text,random_1_start.txt,1
runs,random_1.txt,2bb37b4acf07217f5d45ba69a3dabee3f92eefe0e5af35b71e5ced13116ccae5,1
typed,random_1.txt,1
text,random_1.txt,1
runs,random_2_end.txt,18b511acf7c2163faf7d7767c9f57f7b67e354900ec1db4f1ded5deda44cf3b4,1
typed,random_2_end.txt,1
text,random_2_end.txt,1
runs,random_2_middle.txt,35e345e78e87f014be716e15db487297c64c15fdd02687c947748dade9413a9f,1
typed,random_2_middle.txt,1
text,random_2_middle.txt,1
runs,random_2_start.txt,68a75546b22a2e123816c836f10da6fa34bb10b1b36c422245d001298dc27bf3,1
typed,random_2_start.txt,1
text,random_2_start.txt,1
runs,random_2.txt,89731f3200f853c2fc59d3b29a6e4a6097f16383c09483def0033f9b46c651cf,1
typed,random_2.txt,1
text,random_2.txt,1
runs,random_3_end.txt,ed3abdfa24f08e8035844feadbb9fbb450a1bdd44246fd5c7eac80ea278c29b5,1
typed,random_3_end.txt,1
text,random_3_end.txt,1
runs,random_3_middle.txt,31a67f85b6fe27d7921c97ad645d7a602d5ed660bc3b4ac7273a514a6026a63a,1
typed,random_3_middle.txt,1
text,random_3_middle.txt,1
runs,random_3_start.txt,e90bddbbc282e4337aedd61218b553e841cb66658639feb88bbf332b6af28bc2,1
typed,random_3_start.txt,1
text,random_3_start.txt,1
runs,random_3.txt,16d13d59db0651d5b67474c94698536e15f3089047417405f4a0a1ff36fee0ed,1
typed,random_3.txt,1
text,random_3.txt,1
runs,struct_len15.txt,23a4b23a47ffd070bb540090396c6460deaa49efe63a3aae566d18477e91389e,1
typed,struct_len15.txt,1
text,struct_len15.txt,1
runs,struct_len16.txt,51aae143ea611f13df82906b88f072f455d1e2cdb29ddeda57a517e4c6d58eff,1
typed,struct_len16.txt,1
text,struct_len16.txt,1
runs,struct_len17.txt,1e584fbda21fe8803731c1a5e5a7c319ee6649ae400c90a7dafdc9edab88ea38,1
typed,struct_len17.txt,1
text,struct_len17.txt,1
runs,struct_newline_crlf.txt,8736b5476001cd12c126359e77b61219cd347627eea1529da385cf7e02eef487,1
runs,struct_newline_lf.txt,53c0ea455f7248e8ba636340f20cca5784040cc13fd760cfbb9c5216f04b3955,1
runs,struct_order_abc.txt,a881978cbef8990b0868ec299003e871d8523ccd3f7cfb8f9bd667b568f476bf,1
typed,struct_order_abc.txt,1
text,struct_order_abc.txt,1
runs,struct_order_cba.txt,ebef26ee20cf53c279bc5c48af097c580fcf8d7c4845bf712d46fae19a391d81,1
typed,struct_order_cba.txt,1
text,struct_order_cba.txt,1
runs,struct_order_words1.txt,2b750aa87656da7219d1da0669b49543ee63dd00e2fc99fccd3dce55b3915c0e,1
typed,struct_order_words1.txt,1
text,struct_order_words1.txt,1
runs,struct_order_words2.txt,2eccd148493f4be7a32ecc77e01c1441f9dd4efb6dbd48d18c59298bf8ccdbae,1
typed,struct_order_words2.txt,1
text,struct_order_words2.txt,1
runs,struct_pad_ab0.txt,91f8cb30491164a446312c1f381f555fa7b0288dbe1c52d527ae7c04e0f9ca7d,1
runs,struct_pad_ab.txt,60227218b93b6550f89c2891480357e75c78bd37e9931ec2ce86a361b29db17a,1
typed,struct_pad_ab.txt,1
text,struct_pad_ab.txt,1
runs,struct_repeat_ab.txt,989039bd6d7a3ae8215f538adc6da03a35900e4893ba3f292ac1409c5c344990,1
typed,struct_repeat_ab.txt,1
text,struct_repeat_ab.txt,1
runs,struct_repeat_a.txt,928672f1c5c3aa94314eadf00dc1860a50bcfadc7abaf96904e8ac757dff8023,1
typed,struct_repeat_a.txt,1
text,struct_repeat_a.txt,1
runs,struct_space_lead.txt,74614ef24314ed8ff8faf8ec1bbb04b936114fa042bd9a52417c487bdf161832,1
typed,struct_space_lead.txt,1
text,struct_space_lead.txt,1
runs,struct_space_none_copy.txt,0a55e930958d244bdbaedd761e03b885d0034087b6a4cf1724f20828dcde8c5f,1
typed,struct_space_none_copy.txt,1
text,struct_space_none_copy.txt,1
runs,struct_space_none.txt,0a55e930958d244bdbaedd761e03b885d0034087b6a4cf1724f20828dcde8c5f,1
typed,struct_space_none.txt,1
text,struct_space_none.txt,1
runs,struct_space_trail.txt,3eab323f895c8ccadc7bef834d5a7654ec8ade867de9402ad967e4cc07d2d902,1
typed,struct_space_trail.txt,1
text,struct_space_trail.txt,1
runs,utf8_lt.txt,903e6edf7496a3652ec5f078865a65c632cc2615afe4b282e06fad3a9c821c56,1
typed,utf8_lt.txt,1
text,utf8_lt.txt,1
runs,utf8_mixed.txt,8e60cb75ebf8d3fd77841f490df6cf3afb86bfd98d2165b4e9fe96a4387f16ea,1
typed,utf8_mixed.txt,1
text,utf8_mixed.txt,1
