example,,5326818c0e46b7dbf9bb0d7b9eca371bb3f759383d11643f6a67001229f312d9,
example,a,2bc84d34e106017e7c84af2703435b9ecea8e03a1de4243c995d552ab0560f06,a
example,abc,d55f48f8b07edab915337bbab584010b4ee8974d9109e53a4caf96b273679fa2,abc
example,hello,dc39127a9e7914e3de9854721fbc1f75d7a679f0d42b3bc6351dddcab22446e5,hello
example,Lietuva,5296e5eacd160a12c094567ee3fabbc45aeaa3a48d392b092e75a17ba1bbe035,Lietuva
example,0000,b2f9ac0855062dfe82d67ad9eb7309fe5a3e19909e96daaf7a8ba9c6cfe3fdea,0000
example,4821,4de5a8b08e774c97fcb781a52aa43e15e29bf5f904b44af97bba02dd11698725,4821
example,slapta\xc5\xbeodis,0432bbac412e0c48867836889dba5ad70350ef42ae897e2887269c1b2fd931d8,slapta\xc5\xbeodis
example,123456789012345,b4fec548412b1fbc815f09b9670462a987472e6e76c2112a88a31b59b0cead96,123456789012345
summary,10000,10000,0.09
