speed,di,1,70,0,262144,26073149,99.461
speed,di,1,70,1,262144,27092164,103.348
speed,di,1,70,2,262144,26020895,99.262
speed,di,1,70,3,262144,26017116,99.247
speed,di,1,70,4,262144,26464954,100.956
speed,di,1,70,5,262144,26835886,102.371
speed,di,1,70,6,262144,26382050,100.640
speed,di,1,70,7,262144,26662703,101.710
speed,di,1,70,8,262144,26462202,100.945
speed,di,1,70,9,262144,26516317,101.152
speed,di,2,123,0,262144,30563609,116.591
speed,di,2,123,1,262144,30315906,115.646
speed,di,2,123,2,262144,30286695,115.535
speed,di,2,123,3,262144,30406603,115.992
speed,di,2,123,4,262144,30371132,115.857
speed,di,2,123,5,262144,30239759,115.356
speed,di,2,123,6,262144,30466952,116.222
speed,di,2,123,7,262144,30351649,115.782
speed,di,2,123,8,262144,30251166,115.399
speed,di,2,123,9,262144,29822908,113.765
speed,di,4,205,0,131072,21191337,161.677
speed,di,4,205,1,131072,21548566,164.403
speed,di,4,205,2,131072,20828337,158.908
speed,di,4,205,3,131072,20980386,160.068
speed,di,4,205,4,131072,20818321,158.831
speed,di,4,205,5,131072,20982694,160.085
speed,di,4,205,6,131072,20834496,158.955
speed,di,4,205,7,131072,20828705,158.910
speed,di,4,205,8,131072,20832534,158.940
speed,di,4,205,9,131072,20831412,158.931
speed,di,8,362,0,131072,29930496,228.352
speed,di,8,362,1,131072,30112517,229.740
speed,di,8,362,2,131072,30638980,233.757
speed,di,8,362,3,131072,29806218,227.403
speed,di,8,362,4,131072,29758923,227.043
speed,di,8,362,5,131072,30592718,233.404
speed,di,8,362,6,131072,30153974,230.057
speed,di,8,362,7,131072,29718779,226.736
speed,di,8,362,8,131072,30594251,233.416
speed,di,8,362,9,131072,30190578,230.336
speed,di,16,996,0,65536,34039633,519.404
speed,di,16,996,1,65536,33536945,511.733
speed,di,16,996,2,65536,34173420,521.445
speed,di,16,996,3,65536,34627328,528.371
speed,di,16,996,4,65536,34412146,525.088
speed,di,16,996,5,65536,34432062,525.392
speed,di,16,996,6,65536,34262590,522.806
speed,di,16,996,7,65536,34186094,521.638
speed,di,16,996,8,65536,34248258,522.587
speed,di,16,996,9,65536,34227076,522.264
speed,di,32,1841,0,32768,30187203,921.240
speed,di,32,1841,1,32768,29134951,889.128
speed,di,32,1841,2,32768,28877744,881.279
speed,di,32,1841,3,32768,29477848,899.593
speed,di,32,1841,4,32768,29588007,902.954
speed,di,32,1841,5,32768,28358541,865.434
speed,di,32,1841,6,32768,28545132,871.128
speed,di,32,1841,7,32768,30464556,929.704
speed,di,32,1841,8,32768,29024411,885.755
speed,di,32,1841,9,32768,28908892,882.229
speed,di,64,3712,0,16384,28510237,1740.127
speed,di,64,3712,1,16384,28262173,1724.986
speed,di,64,3712,2,16384,28712004,1752.442
speed,di,64,3712,3,16384,29141439,1778.652
speed,di,64,3712,4,16384,28178869,1719.902
speed,di,64,3712,5,16384,28428831,1735.158
speed,di,64,3712,6,16384,29456848,1797.903
speed,di,64,3712,7,16384,28767883,1755.852
speed,di,64,3712,8,16384,28218897,1722.345
speed,di,64,3712,9,16384,28770344,1756.002
speed,di,128,9155,0,8192,34569547,4219.915
speed,di,128,9155,1,8192,34929009,4263.795
speed,di,128,9155,2,8192,33892744,4137.298
speed,di,128,9155,3,8192,34730105,4239.515
speed,di,128,9155,4,8192,34216908,4176.869
speed,di,128,9155,5,8192,33920203,4140.650
speed,di,128,9155,6,8192,34742622,4241.043
speed,di,128,9155,7,8192,34608499,4224.670
speed,di,128,9155,8,8192,33893777,4137.424
speed,di,128,9155,9,8192,34914492,4262.023
speed,di,256,20409,0,4096,38800958,9472.890
speed,di,256,20409,1,4096,37509226,9157.526
speed,di,256,20409,2,4096,38510510,9401.980
speed,di,256,20409,3,4096,38138128,9311.066
speed,di,256,20409,4,4096,37528945,9162.340
speed,di,256,20409,5,4096,38979062,9516.373
speed,di,256,20409,6,4096,37618803,9184.278
speed,di,256,20409,7,4096,37831285,9236.154
speed,di,256,20409,8,4096,38186844,9322.960
speed,di,256,20409,9,4096,37391363,9128.751
speed,di,512,47434,0,1024,22362132,21838.020
speed,di,512,47434,1,1024,22044929,21528.251
speed,di,512,47434,2,1024,21231029,20733.427
speed,di,512,47434,3,1024,21270258,20771.736
speed,di,512,47434,4,1024,21308085,20808.677
speed,di,512,47434,5,1024,22805200,22270.703
speed,di,512,47434,6,1024,22063608,21546.492
speed,di,512,47434,7,1024,21316877,20817.263
speed,di,512,47434,8,1024,21296212,20797.082
speed,di,512,47434,9,1024,21806534,21295.443
speed,di,789,75595,0,1024,35253506,34427.252
speed,di,789,75595,1,1024,34880190,34062.686
speed,di,789,75595,2,1024,34485248,33677.000
speed,di,789,75595,3,1024,35363978,34535.135
speed,di,789,75595,4,1024,34637921,33826.095
speed,di,789,75595,5,1024,34546076,33736.402
speed,di,789,75595,6,1024,35478010,34646.494
speed,di,789,75595,7,1024,35153187,34329.284
speed,di,789,75595,8,1024,34483596,33675.387
speed,di,789,75595,9,1024,35779750,34941.162
