speed,ratas,1,70,0,131072,32222529,245.838
speed,ratas,1,70,1,131072,32632860,248.969
speed,ratas,1,70,2,131072,32901203,251.016
speed,ratas,1,70,3,131072,32143056,245.232
speed,ratas,1,70,4,131072,32053555,244.549
speed,ratas,1,70,5,131072,32535936,248.229
speed,ratas,1,70,6,131072,32070656,244.680
speed,ratas,1,70,7,131072,32637686,249.006
speed,ratas,1,70,8,131072,32070569,244.679
speed,ratas,1,70,9,131072,32252233,246.065
speed,ratas,2,123,0,65536,22698025,346.344
speed,ratas,2,123,1,65536,22732899,346.877
speed,ratas,2,123,2,65536,23503096,358.629
speed,ratas,2,123,3,65536,22726128,346.773
speed,ratas,2,123,4,65536,22892715,349.315
speed,ratas,2,123,5,65536,22662841,345.808
speed,ratas,2,123,6,65536,22713654,346.583
speed,ratas,2,123,7,65536,22663838,345.823
speed,ratas,2,123,8,65536,22926737,349.834
speed,ratas,2,123,9,65536,22962711,350.383
speed,ratas,4,205,0,65536,34375944,524.535
speed,ratas,4,205,1,65536,34229062,522.294
speed,ratas,4,205,2,65536,34141806,520.963
speed,ratas,4,205,3,65536,34656625,528.818
speed,ratas,4,205,4,65536,34750382,530.249
speed,ratas,4,205,5,65536,34684903,529.250
speed,ratas,4,205,6,65536,34197744,521.816
speed,ratas,4,205,7,65536,34200409,521.857
speed,ratas,4,205,8,65536,34721214,529.804
speed,ratas,4,205,9,65536,35169560,536.645
speed,ratas,8,362,0,32768,29480315,899.668
speed,ratas,8,362,1,32768,28241219,861.854
speed,ratas,8,362,2,32768,28211044,860.933
speed,ratas,8,362,3,32768,28266985,862.640
speed,ratas,8,362,4,32768,28773660,878.102
speed,ratas,8,362,5,32768,28369583,865.771
speed,ratas,8,362,6,32768,28489973,869.445
speed,ratas,8,362,7,32768,28256347,862.315
speed,ratas,8,362,8,32768,28338346,864.818
speed,ratas,8,362,9,32768,28272993,862.823
speed,ratas,16,996,0,16384,36629931,2235.714
speed,ratas,16,996,1,16384,36346909,2218.439
speed,ratas,16,996,2,16384,38674831,2360.524
speed,ratas,16,996,3,16384,36394697,2221.356
speed,ratas,16,996,4,16384,37819727,2308.333
speed,ratas,16,996,5,16384,37161633,2268.166
speed,ratas,16,996,6,16384,36464596,2225.622
speed,ratas,16,996,7,16384,36397444,2221.524
speed,ratas,16,996,8,16384,36996708,2258.100
speed,ratas,16,996,9,16384,36325223,2217.116
speed,ratas,32,1841,0,8192,33680010,4111.329
speed,ratas,32,1841,1,8192,33089269,4039.217
speed,ratas,32,1841,2,8192,33239836,4057.597
speed,ratas,32,1841,3,8192,33512483,4090.879
speed,ratas,32,1841,4,8192,33830128,4129.654
speed,ratas,32,1841,5,8192,34055416,4157.155
speed,ratas,32,1841,6,8192,32955572,4022.897
speed,ratas,32,1841,7,8192,33015363,4030.196
speed,ratas,32,1841,8,8192,33471911,4085.927
speed,ratas,32,1841,9,8192,32969825,4024.637
speed,ratas,64,3712,0,4096,32804223,8008.844
speed,ratas,64,3712,1,4096,32994624,8055.328
speed,ratas,64,3712,2,4096,33377878,8148.896
speed,ratas,64,3712,3,4096,32829206,8014.943
speed,ratas,64,3712,4,4096,33591941,8201.157
speed,ratas,64,3712,5,4096,32822669,8013.347
speed,ratas,64,3712,6,4096,33221930,8110.823
speed,ratas,64,3712,7,4096,34129532,8332.405
speed,ratas,64,3712,8,4096,33354417,8143.168
speed,ratas,64,3712,9,4096,32995835,8055.624
speed,ratas,128,9155,0,1024,20406361,19928.087
speed,ratas,128,9155,1,1024,20452198,19972.850
speed,ratas,128,9155,2,1024,20262888,19787.977
speed,ratas,128,9155,3,1024,20206165,19732.583
speed,ratas,128,9155,4,1024,20447207,19967.976
speed,ratas,128,9155,5,1024,20400078,19921.951
speed,ratas,128,9155,6,1024,20157875,19685.425
speed,ratas,128,9155,7,1024,20042085,19572.349
speed,ratas,128,9155,8,1024,20226085,19752.036
speed,ratas,128,9155,9,1024,22070953,21553.665
speed,ratas,256,20409,0,512,22367910,43687.324
speed,ratas,256,20409,1,512,22326055,43605.576
speed,ratas,256,20409,2,512,22531690,44007.207
speed,ratas,256,20409,3,512,22622012,44183.617
speed,ratas,256,20409,4,512,22255742,43468.246
speed,ratas,256,20409,5,512,24279365,47420.635
speed,ratas,256,20409,6,512,22254739,43466.287
speed,ratas,256,20409,7,512,22258790,43474.199
speed,ratas,256,20409,8,512,22257568,43471.812
speed,ratas,256,20409,9,512,22222884,43404.070
speed,ratas,512,47434,0,256,26115995,102015.605
speed,ratas,512,47434,1,256,26790976,104652.250
speed,ratas,512,47434,2,256,25846408,100962.531
speed,ratas,512,47434,3,256,26375658,103029.914
speed,ratas,512,47434,4,256,25970403,101446.887
speed,ratas,512,47434,5,256,25818226,100852.445
speed,ratas,512,47434,6,256,25942914,101339.508
speed,ratas,512,47434,7,256,25844881,100956.566
speed,ratas,512,47434,8,256,26501135,103520.059
speed,ratas,512,47434,9,256,27308779,106674.918
speed,ratas,789,75595,0,128,20612355,161034.023
speed,ratas,789,75595,1,128,20639510,161246.172
speed,ratas,789,75595,2,128,21208413,165690.727
speed,ratas,789,75595,3,128,21136428,165128.344
speed,ratas,789,75595,4,128,20583199,160806.242
speed,ratas,789,75595,5,128,20639938,161249.516
speed,ratas,789,75595,6,128,21883652,170966.031
speed,ratas,789,75595,7,128,20629616,161168.875
speed,ratas,789,75595,8,128,20596360,160909.062
speed,ratas,789,75595,9,128,20656517,161379.039
speed,di,1,70,0,131072,30643068,233.788
speed,di,1,70,1,131072,30524407,232.883
speed,di,1,70,2,131072,30694926,234.184
speed,di,1,70,3,131072,30535741,232.969
speed,di,1,70,4,131072,30534041,232.956
speed,di,1,70,5,131072,30515267,232.813
speed,di,1,70,6,131072,30735976,234.497
speed,di,1,70,7,131072,30993518,236.462
speed,di,1,70,8,131072,30542761,233.023
speed,di,1,70,9,131072,30501918,232.711
speed,di,2,123,0,131072,34652522,264.378
speed,di,2,123,1,131072,34454858,262.870
speed,di,2,123,2,131072,34654322,264.391
speed,di,2,123,3,131072,34458723,262.899
speed,di,2,123,4,131072,34580471,263.828
speed,di,2,123,5,131072,34531596,263.455
speed,di,2,123,6,131072,35048698,267.400
speed,di,2,123,7,131072,34443305,262.782
speed,di,2,123,8,131072,34472012,263.001
speed,di,2,123,9,131072,34720854,264.899
speed,di,4,205,0,65536,23251364,354.788
speed,di,4,205,1,65536,23105423,352.561
speed,di,4,205,2,65536,23253118,354.814
speed,di,4,205,3,65536,23681112,361.345
speed,di,4,205,4,65536,23094717,352.397
speed,di,4,205,5,65536,23103226,352.527
speed,di,4,205,6,65536,23093685,352.382
speed,di,4,205,7,65536,23092807,352.368
speed,di,4,205,8,65536,23079796,352.170
speed,di,4,205,9,65536,23323695,355.891
speed,di,8,362,0,65536,33012279,503.727
speed,di,8,362,1,65536,32868823,501.538
speed,di,8,362,2,65536,33170217,506.137
speed,di,8,362,3,65536,32867639,501.520
speed,di,8,362,4,65536,33005473,503.624
speed,di,8,362,5,65536,32906592,502.115
speed,di,8,362,6,65536,32869472,501.548
speed,di,8,362,7,65536,32941650,502.650
speed,di,8,362,8,65536,32932141,502.505
speed,di,8,362,9,65536,32870937,501.571
speed,di,16,996,0,32768,36047054,1100.069
speed,di,16,996,1,32768,36193928,1104.551
speed,di,16,996,2,32768,35988418,1098.279
speed,di,16,996,3,32768,36117285,1102.212
speed,di,16,996,4,32768,36013541,1099.046
speed,di,16,996,5,32768,35993387,1098.431
speed,di,16,996,6,32768,36008439,1098.890
speed,di,16,996,7,32768,36102693,1101.767
speed,di,16,996,8,32768,36125378,1102.459
speed,di,16,996,9,32768,35997254,1098.549
speed,di,32,1841,0,16384,30807100,1880.316
speed,di,32,1841,1,16384,30840183,1882.335
speed,di,32,1841,2,16384,30740172,1876.231
speed,di,32,1841,3,16384,30839113,1882.270
speed,di,32,1841,4,16384,30782649,1878.824
speed,di,32,1841,5,16384,30716415,1874.781
speed,di,32,1841,6,16384,30778207,1878.553
speed,di,32,1841,7,16384,30786239,1879.043
speed,di,32,1841,8,16384,31433175,1918.529
speed,di,32,1841,9,16384,30727883,1875.481
speed,di,64,3712,0,8192,29878508,3647.279
speed,di,64,3712,1,8192,29942434,3655.082
speed,di,64,3712,2,8192,29939381,3654.710
speed,di,64,3712,3,8192,29818381,3639.939
speed,di,64,3712,4,8192,30017247,3664.215
speed,di,64,3712,5,8192,29891304,3648.841
speed,di,64,3712,6,8192,29828318,3641.152
speed,di,64,3712,7,8192,29798359,3637.495
speed,di,64,3712,8,8192,29991571,3661.080
speed,di,64,3712,9,8192,30061418,3669.607
speed,di,128,9155,0,4096,35736772,8724.798
speed,di,128,9155,1,4096,35764092,8731.468
speed,di,128,9155,2,4096,35973759,8782.656
speed,di,128,9155,3,4096,35835181,8748.823
speed,di,128,9155,4,4096,35763211,8731.253
speed,di,128,9155,5,4096,35854765,8753.605
speed,di,128,9155,6,4096,35729127,8722.931
speed,di,128,9155,7,4096,35839121,8749.785
speed,di,128,9155,8,4096,37461255,9145.814
speed,di,128,9155,9,4096,35716636,8719.882
speed,di,256,20409,0,2048,39566980,19319.814
speed,di,256,20409,1,2048,39556496,19314.695
speed,di,256,20409,2,2048,39329355,19203.787
speed,di,256,20409,3,2048,39374629,19225.893
speed,di,256,20409,4,2048,39529861,19301.690
speed,di,256,20409,5,2048,39570557,19321.561
speed,di,256,20409,6,2048,39370402,19223.829
speed,di,256,20409,7,2048,39415722,19245.958
speed,di,256,20409,8,2048,39869019,19467.294
speed,di,256,20409,9,2048,39860440,19463.105
speed,di,512,47434,0,512,22754904,44443.172
speed,di,512,47434,1,512,22788456,44508.703
speed,di,512,47434,2,512,23238802,45388.285
speed,di,512,47434,3,512,22743561,44421.018
speed,di,512,47434,4,512,22894011,44714.865
speed,di,512,47434,5,512,22766706,44466.223
speed,di,512,47434,6,512,22949216,44822.688
speed,di,512,47434,7,512,22746921,44427.580
speed,di,512,47434,8,512,22789661,44511.057
speed,di,512,47434,9,512,22773868,44480.211
speed,di,789,75595,0,512,37544880,73329.844
speed,di,789,75595,1,512,36397812,71089.477
speed,di,789,75595,2,512,36383344,71061.219
speed,di,789,75595,3,512,36404155,71101.865
speed,di,789,75595,4,512,36261135,70822.529
speed,di,789,75595,5,512,36564849,71415.721
speed,di,789,75595,6,512,36404513,71102.564
speed,di,789,75595,7,512,36216873,70736.080
speed,di,789,75595,8,512,36374028,71043.023
speed,di,789,75595,9,512,36358879,71013.436
speed,md5,1,70,0,131072,20894907,159.415
speed,md5,1,70,1,131072,20719035,158.074
speed,md5,1,70,2,131072,20879868,159.301
speed,md5,1,70,3,131072,20889744,159.376
speed,md5,1,70,4,131072,20889627,159.375
speed,md5,1,70,5,131072,20716998,158.058
speed,md5,1,70,6,131072,20914054,159.562
speed,md5,1,70,7,131072,20747802,158.293
speed,md5,1,70,8,131072,20936814,159.735
speed,md5,1,70,9,131072,20726033,158.127
speed,md5,2,123,0,131072,29982081,228.745
speed,md5,2,123,1,131072,28525495,217.632
speed,md5,2,123,2,131072,28682057,218.827
speed,md5,2,123,3,131072,28740958,219.276
speed,md5,2,123,4,131072,28543169,217.767
speed,md5,2,123,5,131072,28680805,218.817
speed,md5,2,123,6,131072,28713052,219.063
speed,md5,2,123,7,131072,28829545,219.952
speed,md5,2,123,8,131072,28544193,217.775
speed,md5,2,123,9,131072,28676630,218.785
speed,md5,4,205,0,131072,38544181,294.069
speed,md5,4,205,1,131072,36968287,282.046
speed,md5,4,205,2,131072,37238660,284.108
speed,md5,4,205,3,131072,37991916,289.855
speed,md5,4,205,4,131072,36965605,282.025
speed,md5,4,205,5,131072,37084095,282.929
speed,md5,4,205,6,131072,37186080,283.707
speed,md5,4,205,7,131072,37037709,282.575
speed,md5,4,205,8,131072,37004370,282.321
speed,md5,4,205,9,131072,37045356,282.634
speed,md5,8,362,0,65536,27634250,421.665
speed,md5,8,362,1,65536,26626472,406.288
speed,md5,8,362,2,65536,26588942,405.715
speed,md5,8,362,3,65536,26613195,406.085
speed,md5,8,362,4,65536,27986630,427.042
speed,md5,8,362,5,65536,26635978,406.433
speed,md5,8,362,6,65536,26712330,407.598
speed,md5,8,362,7,65536,26733465,407.920
speed,md5,8,362,8,65536,27186250,414.829
speed,md5,8,362,9,65536,26645475,406.578
speed,md5,16,996,0,32768,33975122,1036.838
speed,md5,16,996,1,32768,34631782,1056.878
speed,md5,16,996,2,32768,34001956,1037.657
speed,md5,16,996,3,32768,34024772,1038.354
speed,md5,16,996,4,32768,35497179,1083.288
speed,md5,16,996,5,32768,34002087,1037.661
speed,md5,16,996,6,32768,33950699,1036.093
speed,md5,16,996,7,32768,33980778,1037.011
speed,md5,16,996,8,32768,34520745,1053.490
speed,md5,16,996,9,32768,33962279,1036.447
speed,md5,32,1841,0,16384,30865585,1883.886
speed,md5,32,1841,1,16384,30870462,1884.183
speed,md5,32,1841,2,16384,30999698,1892.071
speed,md5,32,1841,3,16384,31056985,1895.568
speed,md5,32,1841,4,16384,30902694,1886.151
speed,md5,32,1841,5,16384,30966267,1890.031
speed,md5,32,1841,6,16384,30858356,1883.445
speed,md5,32,1841,7,16384,31032972,1894.102
speed,md5,32,1841,8,16384,32102405,1959.375
speed,md5,32,1841,9,16384,31097783,1898.058
speed,md5,64,3712,0,8192,30450385,3717.088
speed,md5,64,3712,1,8192,30988706,3782.801
speed,md5,64,3712,2,8192,30518752,3725.434
speed,md5,64,3712,3,8192,30658004,3742.432
speed,md5,64,3712,4,8192,30394503,3710.266
speed,md5,64,3712,5,8192,30394063,3710.213
speed,md5,64,3712,6,8192,30371350,3707.440
speed,md5,64,3712,7,8192,31062569,3791.818
speed,md5,64,3712,8,8192,30426461,3714.168
speed,md5,64,3712,9,8192,30455517,3717.714
speed,md5,128,9155,0,4096,36887702,9005.787
speed,md5,128,9155,1,4096,36931080,9016.377
speed,md5,128,9155,2,4096,37166147,9073.766
speed,md5,128,9155,3,4096,37149009,9069.582
speed,md5,128,9155,4,4096,36949370,9020.842
speed,md5,128,9155,5,4096,36998222,9032.769
speed,md5,128,9155,6,4096,37732928,9212.141
speed,md5,128,9155,7,4096,37075502,9051.636
speed,md5,128,9155,8,4096,36931600,9016.504
speed,md5,128,9155,9,4096,37149752,9069.764
speed,md5,256,20409,0,1024,20550862,20069.201
speed,md5,256,20409,1,1024,20697335,20212.241
speed,md5,256,20409,2,1024,20501459,20020.956
speed,md5,256,20409,3,1024,20681268,20196.551
speed,md5,256,20409,4,1024,20500260,20019.785
speed,md5,256,20409,5,1024,21194093,20697.356
speed,md5,256,20409,6,1024,20501312,20020.812
speed,md5,256,20409,7,1024,20551809,20070.126
speed,md5,256,20409,8,1024,20603717,20120.817
speed,md5,256,20409,9,1024,20594687,20111.999
speed,md5,512,47434,0,512,23676892,46243.930
speed,md5,512,47434,1,512,23785328,46455.719
speed,md5,512,47434,2,512,23668366,46227.277
speed,md5,512,47434,3,512,23736107,46359.584
speed,md5,512,47434,4,512,23885152,46650.688
speed,md5,512,47434,5,512,23747659,46382.146
speed,md5,512,47434,6,512,23873277,46627.494
speed,md5,512,47434,7,512,23718015,46324.248
speed,md5,512,47434,8,512,23947127,46771.732
speed,md5,512,47434,9,512,23947483,46772.428
speed,md5,789,75595,0,512,37958219,74137.146
speed,md5,789,75595,1,512,37797508,73823.258
speed,md5,789,75595,2,512,37984250,74187.988
speed,md5,789,75595,3,512,38152948,74517.477
speed,md5,789,75595,4,512,37917705,74058.018
speed,md5,789,75595,5,512,38208345,74625.674
speed,md5,789,75595,6,512,37914276,74051.320
speed,md5,789,75595,7,512,38339727,74882.279
speed,md5,789,75595,8,512,37833301,73893.166
speed,md5,789,75595,9,512,37769976,73769.484
speed,sha1,1,70,0,131072,20018335,152.728
speed,sha1,1,70,1,131072,20485186,156.290
speed,sha1,1,70,2,131072,20046833,152.945
speed,sha1,1,70,3,131072,20917878,159.591
speed,sha1,1,70,4,131072,20035516,152.859
speed,sha1,1,70,5,131072,20865939,159.194
speed,sha1,1,70,6,131072,20096576,153.325
speed,sha1,1,70,7,131072,20208063,154.175
speed,sha1,1,70,8,131072,20038987,152.885
speed,sha1,1,70,9,131072,20248729,154.486
speed,sha1,2,123,0,131072,28252441,215.549
speed,sha1,2,123,1,131072,28375687,216.489
speed,sha1,2,123,2,131072,28579427,218.044
speed,sha1,2,123,3,131072,29140044,222.321
speed,sha1,2,123,4,131072,27861053,212.563
speed,sha1,2,123,5,131072,27918214,212.999
speed,sha1,2,123,6,131072,27697972,211.319
speed,sha1,2,123,7,131072,28448951,217.048
speed,sha1,2,123,8,131072,28294793,215.872
speed,sha1,2,123,9,131072,28959901,220.947
speed,sha1,4,205,0,131072,32339803,246.733
speed,sha1,4,205,1,131072,32433984,247.452
speed,sha1,4,205,2,131072,32985247,251.657
speed,sha1,4,205,3,131072,32651952,249.115
speed,sha1,4,205,4,131072,32396558,247.166
speed,sha1,4,205,5,131072,32386197,247.087
speed,sha1,4,205,6,131072,33010473,251.850
speed,sha1,4,205,7,131072,33254534,253.712
speed,sha1,4,205,8,131072,33649346,256.724
speed,sha1,4,205,9,131072,32457997,247.635
speed,sha1,8,362,0,65536,22153063,338.029
speed,sha1,8,362,1,65536,22293990,340.179
speed,sha1,8,362,2,65536,22151891,338.011
speed,sha1,8,362,3,65536,22844228,348.575
speed,sha1,8,362,4,65536,22164956,338.210
speed,sha1,8,362,5,65536,22656152,345.705
speed,sha1,8,362,6,65536,22097104,337.175
speed,sha1,8,362,7,65536,23860097,364.076
speed,sha1,8,362,8,65536,22107766,337.338
speed,sha1,8,362,9,65536,22102354,337.255
speed,sha1,16,996,0,32768,26054966,795.134
speed,sha1,16,996,1,32768,26990564,823.687
speed,sha1,16,996,2,32768,26036060,794.557
speed,sha1,16,996,3,32768,26993731,823.783
speed,sha1,16,996,4,32768,28606435,872.999
speed,sha1,16,996,5,32768,26078889,795.865
speed,sha1,16,996,6,32768,25984359,792.980
speed,sha1,16,996,7,32768,26060339,795.298
speed,sha1,16,996,8,32768,26057065,795.199
speed,sha1,16,996,9,32768,26750235,816.352
speed,sha1,32,1841,0,16384,22715167,1386.424
speed,sha1,32,1841,1,16384,24977019,1524.476
speed,sha1,32,1841,2,16384,22942027,1400.270
speed,sha1,32,1841,3,16384,22736399,1387.720
speed,sha1,32,1841,4,16384,22664550,1383.334
speed,sha1,32,1841,5,16384,22713147,1386.300
speed,sha1,32,1841,6,16384,22816966,1392.637
speed,sha1,32,1841,7,16384,22700340,1385.519
speed,sha1,32,1841,8,16384,23698180,1446.422
speed,sha1,32,1841,9,16384,25222192,1539.440
speed,sha1,64,3712,0,8192,22621777,2761.447
speed,sha1,64,3712,1,8192,23714763,2894.869
speed,sha1,64,3712,2,8192,22635809,2763.160
speed,sha1,64,3712,3,8192,22600718,2758.877
speed,sha1,64,3712,4,8192,22686618,2769.363
speed,sha1,64,3712,5,8192,22625689,2761.925
speed,sha1,64,3712,6,8192,23043568,2812.936
speed,sha1,64,3712,7,8192,22993643,2806.841
speed,sha1,64,3712,8,8192,22865110,2791.151
speed,sha1,64,3712,9,8192,22594289,2758.092
speed,sha1,128,9155,0,4096,27289498,6662.475
speed,sha1,128,9155,1,4096,27250085,6652.853
speed,sha1,128,9155,2,4096,27141096,6626.244
speed,sha1,128,9155,3,4096,27620312,6743.240
speed,sha1,128,9155,4,4096,27516798,6717.968
speed,sha1,128,9155,5,4096,27654229,6751.521
speed,sha1,128,9155,6,4096,27154198,6629.443
speed,sha1,128,9155,7,4096,27185484,6637.081
speed,sha1,128,9155,8,4096,27570600,6731.104
speed,sha1,128,9155,9,4096,27149722,6628.350
speed,sha1,256,20409,0,2048,30078202,14686.622
speed,sha1,256,20409,1,2048,30456223,14871.203
speed,sha1,256,20409,2,2048,30107523,14700.939
speed,sha1,256,20409,3,2048,30715719,14997.910
speed,sha1,256,20409,4,2048,30069968,14682.602
speed,sha1,256,20409,5,2048,30707742,14994.015
speed,sha1,256,20409,6,2048,31688488,15472.895
speed,sha1,256,20409,7,2048,30060051,14677.759
speed,sha1,256,20409,8,2048,30072419,14683.798
speed,sha1,256,20409,9,2048,30087951,14691.382
speed,sha1,512,47434,0,1024,35912557,35070.856
speed,sha1,512,47434,1,1024,35172268,34347.918
speed,sha1,512,47434,2,1024,34688768,33875.750
speed,sha1,512,47434,3,1024,34738704,33924.516
speed,sha1,512,47434,4,1024,35532692,34699.895
speed,sha1,512,47434,5,1024,35949472,35106.906
speed,sha1,512,47434,6,1024,34811188,33995.301
speed,sha1,512,47434,7,1024,34749690,33935.244
speed,sha1,512,47434,8,1024,35027531,34206.573
speed,sha1,512,47434,9,1024,35377584,34548.422
speed,sha1,789,75595,0,512,27945685,54581.416
speed,sha1,789,75595,1,512,27730810,54161.738
speed,sha1,789,75595,2,512,27861205,54416.416
speed,sha1,789,75595,3,512,28247422,55170.746
speed,sha1,789,75595,4,512,29596834,57806.316
speed,sha1,789,75595,5,512,27930877,54552.494
speed,sha1,789,75595,6,512,29527170,57670.254
speed,sha1,789,75595,7,512,27902640,54497.344
speed,sha1,789,75595,8,512,28093397,54869.916
speed,sha1,789,75595,9,512,28241763,55159.693
speed,sha256,1,70,0,131072,37659861,287.322
speed,sha256,1,70,1,131072,36811404,280.849
speed,sha256,1,70,2,131072,36482774,278.341
speed,sha256,1,70,3,131072,36421557,277.874
speed,sha256,1,70,4,131072,36919279,281.672
speed,sha256,1,70,5,131072,37953674,289.564
speed,sha256,1,70,6,131072,38371123,292.748
speed,sha256,1,70,7,131072,36592450,279.178
speed,sha256,1,70,8,131072,37661623,287.335
speed,sha256,1,70,9,131072,38337682,292.493
speed,sha256,2,123,0,65536,26925598,410.852
speed,sha256,2,123,1,65536,25888727,395.031
speed,sha256,2,123,2,65536,25789990,393.524
speed,sha256,2,123,3,65536,26085082,398.027
speed,sha256,2,123,4,65536,27200473,415.046
speed,sha256,2,123,5,65536,26164475,399.238
speed,sha256,2,123,6,65536,26198283,399.754
speed,sha256,2,123,7,65536,25743809,392.819
speed,sha256,2,123,8,65536,26787084,408.738
speed,sha256,2,123,9,65536,25722076,392.488
speed,sha256,4,205,0,65536,31755656,484.553
speed,sha256,4,205,1,65536,33033790,504.056
speed,sha256,4,205,2,65536,33158515,505.959
speed,sha256,4,205,3,65536,31759529,484.612
speed,sha256,4,205,4,65536,33080791,504.773
speed,sha256,4,205,5,65536,32663365,498.403
speed,sha256,4,205,6,65536,32026751,488.689
speed,sha256,4,205,7,65536,31765291,484.700
speed,sha256,4,205,8,65536,31752587,484.506
speed,sha256,4,205,9,65536,31987593,488.092
speed,sha256,8,362,0,32768,22279115,679.905
speed,sha256,8,362,1,32768,22265375,679.485
speed,sha256,8,362,2,32768,22310286,680.856
speed,sha256,8,362,3,32768,23548621,718.647
speed,sha256,8,362,4,32768,22456014,685.303
speed,sha256,8,362,5,32768,22782828,695.277
speed,sha256,8,362,6,32768,22310869,680.874
speed,sha256,8,362,7,32768,23823924,727.048
speed,sha256,8,362,8,32768,23537809,718.317
speed,sha256,8,362,9,32768,22289850,680.232
speed,sha256,16,996,0,16384,27518334,1679.586
speed,sha256,16,996,1,16384,27762885,1694.512
speed,sha256,16,996,2,16384,27667089,1688.665
speed,sha256,16,996,3,16384,27609388,1685.143
speed,sha256,16,996,4,16384,27731719,1692.610
speed,sha256,16,996,5,16384,27700040,1690.676
speed,sha256,16,996,6,16384,27518877,1679.619
speed,sha256,16,996,7,16384,27807064,1697.208
speed,sha256,16,996,8,16384,27698731,1690.596
speed,sha256,16,996,9,16384,27515702,1679.425
speed,sha256,32,1841,0,8192,24382702,2976.404
speed,sha256,32,1841,1,8192,26379136,3220.109
speed,sha256,32,1841,2,8192,24371162,2974.995
speed,sha256,32,1841,3,8192,24618880,3005.234
speed,sha256,32,1841,4,8192,24678197,3012.475
speed,sha256,32,1841,5,8192,25434418,3104.787
speed,sha256,32,1841,6,8192,26472860,3231.550
speed,sha256,32,1841,7,8192,24677543,3012.395
speed,sha256,32,1841,8,8192,24736568,3019.601
speed,sha256,32,1841,9,8192,24608793,3004.003
speed,sha256,64,3712,0,4096,24773018,6048.100
speed,sha256,64,3712,1,4096,24551263,5993.961
speed,sha256,64,3712,2,4096,25264613,6168.118
speed,sha256,64,3712,3,4096,24569049,5998.303
speed,sha256,64,3712,4,4096,25257307,6166.335
speed,sha256,64,3712,5,4096,24652691,6018.723
speed,sha256,64,3712,6,4096,24674235,6023.983
speed,sha256,64,3712,7,4096,24538340,5990.806
speed,sha256,64,3712,8,4096,24721854,6035.609
speed,sha256,64,3712,9,4096,25141720,6138.115
speed,sha256,128,9155,0,2048,31408729,15336.293
speed,sha256,128,9155,1,2048,29758191,14530.367
speed,sha256,128,9155,2,2048,29710583,14507.121
speed,sha256,128,9155,3,2048,29734816,14518.953
speed,sha256,128,9155,4,2048,30434554,14860.622
speed,sha256,128,9155,5,2048,30144347,14718.919
speed,sha256,128,9155,6,2048,29775517,14538.827
speed,sha256,128,9155,7,2048,29825747,14563.353
speed,sha256,128,9155,8,2048,30103293,14698.874
speed,sha256,128,9155,9,2048,29746086,14524.456
speed,sha256,256,20409,0,1024,33004475,32230.933
speed,sha256,256,20409,1,1024,33697813,32908.021
speed,sha256,256,20409,2,1024,33011537,32237.829
speed,sha256,256,20409,3,1024,34269206,33466.021
speed,sha256,256,20409,4,1024,33200405,32422.271
speed,sha256,256,20409,5,1024,34154298,33353.807
speed,sha256,256,20409,6,1024,33100399,32324.608
speed,sha256,256,20409,7,1024,33122096,32345.797
speed,sha256,256,20409,8,1024,33112155,32336.089
speed,sha256,256,20409,9,1024,33781020,32989.277
speed,sha256,512,47434,0,512,38323051,74849.709
speed,sha256,512,47434,1,512,38320691,74845.100
speed,sha256,512,47434,2,512,38899954,75976.473
speed,sha256,512,47434,3,512,38755660,75694.648
speed,sha256,512,47434,4,512,38489676,75175.148
speed,sha256,512,47434,5,512,38840797,75860.932
speed,sha256,512,47434,6,512,38878945,75935.439
speed,sha256,512,47434,7,512,39881783,77894.107
speed,sha256,512,47434,8,512,38448087,75093.920
speed,sha256,512,47434,9,512,38318685,74841.182
speed,sha256,789,75595,0,256,30838707,120463.699
speed,sha256,789,75595,1,256,31042793,121260.910
speed,sha256,789,75595,2,256,31066994,121355.445
speed,sha256,789,75595,3,256,30957875,120929.199
speed,sha256,789,75595,4,256,30560336,119376.312
speed,sha256,789,75595,5,256,30628882,119644.070
speed,sha256,789,75595,6,256,31181964,121804.547
speed,sha256,789,75595,7,256,32526200,127055.469
speed,sha256,789,75595,8,256,30640504,119689.469
speed,sha256,789,75595,9,256,30628601,119642.973
