input,md5,a.bin,1,1,0cc175b9c0f1b6a831c399e269772661,1,1
input,md5,b.bin,1,1,92eb5ffee6ae2fec3ad71c777531578f,1,1
input,md5,empty.bin,0,0,d41d8cd98f00b204e9800998ecf8427e,1,1
input,md5,random_1.txt,1500,1500,e1517bd7b898ebaa106ed3b6961b9043,1,1
input,md5,random_1_end.txt,1500,1500,42e14f734bb1e8bc254b41ecda67a97f,1,1
input,md5,random_1_middle.txt,1500,1500,26d0cd312f0357200ca716b56c16204d,1,1
input,md5,random_1_start.txt,1500,1500,4a76870d36d0ddf98488b6d9c6446ffe,1,1
input,md5,random_2.txt,2048,2048,f8d656933a284fe6ddc878ffa474c8be,1,1
input,md5,random_2_end.txt,2048,2048,b37bd8615180473e3e3d30dc38803cb3,1,1
input,md5,random_2_middle.txt,2048,2048,7a63465636ea39d93a08e43e368eacb4,1,1
input,md5,random_2_start.txt,2048,2048,8778d92f34987fd0d6d72fb00afbd414,1,1
input,md5,random_3.txt,4096,4096,7deb315244fecbfc6a150c4dfd75b2ca,1,1
input,md5,random_3_end.txt,4096,4096,5ba757882c6bfe4961bd1f25add71cea,1,1
input,md5,random_3_middle.txt,4096,4096,f3fcc5ff0ea4b210e31fa27fa0d4a8d6,1,1
input,md5,random_3_start.txt,4096,4096,7e03e49f87a80a23f32fdbf166827ecf,1,1
input,md5,struct_len15.txt,15,15,de59bd9061c93855e3fdd416e26f27a6,1,1
input,md5,struct_len16.txt,16,16,45ed9cc2f92b77cd8b2f5bd59ff635f8,1,1
input,md5,struct_len17.txt,17,17,3ef82839679f05ef260e3ac982de93cd,1,1
input,md5,struct_newline_crlf.txt,9,9,40a2850f1416c257e4333582610721e0,1,1
input,md5,struct_newline_lf.txt,8,8,b5c4f4c3a7bcf1dca0d023f45bb610b8,1,1
input,md5,struct_order_abc.txt,3,3,900150983cd24fb0d6963f7d28e17f72,1,1
input,md5,struct_order_cba.txt,3,3,3944b025c9ca7eec3154b44666ae04a0,1,1
input,md5,struct_order_words1.txt,11,11,6384294506153418c0cf905a75c55c90,1,1
input,md5,struct_order_words2.txt,11,11,debb8a8cdf46469f86e08c0d23e9f64d,1,1
input,md5,struct_pad_ab.txt,2,2,187ef4436122d1cc2f40dc2b92f0eba0,1,1
input,md5,struct_pad_ab0.txt,3,3,5d36fe0e221c3fd97c6b87a46c9faf43,1,1
input,md5,struct_repeat_a.txt,32,32,5eca9bd3eb07c006cd43ae48dfde7fd3,1,1
input,md5,struct_repeat_ab.txt,32,32,1ec1423145022ec1e3a81d2c3015ad6f,1,1
input,md5,struct_space_lead.txt,8,8,d28db5f0ff981608e3388dbb8e012fb5,1,1
input,md5,struct_space_none.txt,7,7,c2a6ffa152caf6d6468fb13b0f32b4cc,1,1
input,md5,struct_space_none_copy.txt,7,7,c2a6ffa152caf6d6468fb13b0f32b4cc,1,1
input,md5,struct_space_trail.txt,8,8,8eed593dc41c9060d028b8ff811ca922,1,1
input,md5,utf8_lt.txt,26,15,3f56a7863e18c932d4e3456732e627f7,1,1
input,md5,utf8_mixed.txt,23,19,2a9c755f1e62679da390ef27ab10e0f2,1,1
aba,md5,1
repeat,md5,random_3.txt,1000,1
leadex,md5,0237,00fdea78e677259a3e44868468f24bbf,1
leadex,md5,0397,00f80c0962fb37ea8fb72accc75546c8,1
leadex,md5,0421,0026e579a258f1fc012951af08496bd7,1
lead,md5,10000,651,30
input,sha1,a.bin,1,1,86f7e437faa5a7fce15d1ddcb9eaeaea377667b8,1,1
input,sha1,b.bin,1,1,e9d71f5ee7c92d6dc9e92ffdad17b8bd49418f98,1,1
input,sha1,empty.bin,0,0,da39a3ee5e6b4b0d3255bfef95601890afd80709,1,1
input,sha1,random_1.txt,1500,1500,204365085522bae13978180b4e4f76a394d2ddfa,1,1
input,sha1,random_1_end.txt,1500,1500,948d7b6713817ca3c38f6b34254a7ee9a70514d9,1,1
input,sha1,random_1_middle.txt,1500,1500,7af0bc1ef45a1d6cecfd779ea60ee450e39f724a,1,1
input,sha1,random_1_start.txt,1500,1500,b28fa55326694b02d3b1cbf603f860479795d013,1,1
input,sha1,random_2.txt,2048,2048,4e2752912a47dc2f4799c43fb0b7875d01a9d443,1,1
input,sha1,random_2_end.txt,2048,2048,879264908ac2827d139dceca2f4c819d9b4dac4c,1,1
input,sha1,random_2_middle.txt,2048,2048,bba42296e572cb04519b4c4e11e07726da197ca2,1,1
input,sha1,random_2_start.txt,2048,2048,9ebdb852e2708a09f2e90b03ed20e7cfd3a71fc8,1,1
input,sha1,random_3.txt,4096,4096,ca5921ef931e53d9d7d06934fe237ac6a95df9c0,1,1
input,sha1,random_3_end.txt,4096,4096,15fbde0acde4dbca6a100a0235a23c873520e918,1,1
input,sha1,random_3_middle.txt,4096,4096,a255f2b4993ec010077e54fc605aec545bd4cdbb,1,1
input,sha1,random_3_start.txt,4096,4096,e519eba586171cac5789cdcc07ba6b64c1a8af8e,1,1
input,sha1,struct_len15.txt,15,15,f29546c9b9b5056412af91317f83158a4f5f06d4,1,1
input,sha1,struct_len16.txt,16,16,a7a7c2e911a47b967d34b5a8807c040e9d167815,1,1
input,sha1,struct_len17.txt,17,17,3f0155e75563ab3adc0505000a86da5baa207d1f,1,1
input,sha1,struct_newline_crlf.txt,9,9,a5c559ce8b9d6afdda9322a6a4ba05509d13b9be,1,1
input,sha1,struct_newline_lf.txt,8,8,326ce8ba06679e7f1d7af013da55d450b8991f11,1,1
input,sha1,struct_order_abc.txt,3,3,a9993e364706816aba3e25717850c26c9cd0d89d,1,1
input,sha1,struct_order_cba.txt,3,3,d9f0509fb7e8bd7d4c4b627dfec70c0c0e01fb34,1,1
input,sha1,struct_order_words1.txt,11,11,4802bd857aeb0dd17f5d672c8880bc145dc441fd,1,1
input,sha1,struct_order_words2.txt,11,11,ec4b3cc5cbbac11d8e76fecd262bcc011c9b4967,1,1
input,sha1,struct_pad_ab.txt,2,2,da23614e02469a0d7c7bd1bdab5c9c474b1904dc,1,1
input,sha1,struct_pad_ab0.txt,3,3,97d6f5d51e5815cdf64cc9935b8d73c50bd906a2,1,1
input,sha1,struct_repeat_a.txt,32,32,68f84a59a3ca2d0e5cb1646fbb164da409b5d8f2,1,1
input,sha1,struct_repeat_ab.txt,32,32,59da67d7ced9416f647611ead5f12094378f1ba6,1,1
input,sha1,struct_space_lead.txt,8,8,c0dd4608dc999c1e2f2dc25a8f12436bfd25f6d4,1,1
input,sha1,struct_space_none.txt,7,7,21e2149a5ce9363869826fb6f3e90963ac1ce3c4,1,1
input,sha1,struct_space_none_copy.txt,7,7,21e2149a5ce9363869826fb6f3e90963ac1ce3c4,1,1
input,sha1,struct_space_trail.txt,8,8,d7cb6e4749e746a92f3dac1cd947d67415389df5,1,1
input,sha1,utf8_lt.txt,26,15,7c45cde3918be91178bf585b20b2e4eb126b55ff,1,1
input,sha1,utf8_mixed.txt,23,19,5942c4d942a40bb2a9a028035131927fdf157de2,1,1
aba,sha1,1
repeat,sha1,random_3.txt,1000,1
leadex,sha1,0025,00e291cbc8578ffc4e7c365f0ff2594435a8981d,1
leadex,sha1,0084,00817818edf48cdba2229e617eba386481a8a7c3,1
leadex,sha1,0117,0020bf2046bd4c6f803cbf19940a1a4759c0ede8,1
lead,sha1,10000,617,45
input,sha256,a.bin,1,1,ca978112ca1bbdcafac231b39a23dc4da786eff8147c4e72b9807785afee48bb,1,1
input,sha256,b.bin,1,1,3e23e8160039594a33894f6564e1b1348bbd7a0088d42c4acb73eeaed59c009d,1,1
input,sha256,empty.bin,0,0,e3b0c44298fc1c149afbf4c8996fb92427ae41e4649b934ca495991b7852b855,1,1
input,sha256,random_1.txt,1500,1500,f7d4f545a5d6cc478f1a56fd7108633c844ddee09472c7e1e4c347815ff23c72,1,1
input,sha256,random_1_end.txt,1500,1500,45dfb81e709a4522a827461747582406e29365339d37b04b08c24a6a04376821,1,1
input,sha256,random_1_middle.txt,1500,1500,b4ead76cb66e0657d0cb462ad73dce799053340ec4cdb4f5a8989f537f5db7df,1,1
input,sha256,random_1_start.txt,1500,1500,bea8820769d75c3e53d207ab5fca79ca89f401a59fbe84f4b75dbd012a835ec1,1,1
input,sha256,random_2.txt,2048,2048,151f43ae1ddc76d224a72c837ccda0bd3c6d3c929620789a1c6c258faa9e5bd6,1,1
input,sha256,random_2_end.txt,2048,2048,83ead3b408f7aea64e1d99bb6d36b4968c71314c3c1c363d9f3ca9f08ff32523,1,1
input,sha256,random_2_middle.txt,2048,2048,db4497090526718ddadbbb71bb66097bb36ad96a6e4edbaf742d026e4cfbb6fc,1,1
input,sha256,random_2_start.txt,2048,2048,9d5ac78cbf9c090e6be255901099e123d3bfa72be3d6542c3f7be15a513ff900,1,1
input,sha256,random_3.txt,4096,4096,ec8624cedee92f7dfe575a772c7657cfa15bee353b3754aa9105edc6fbeceff6,1,1
input,sha256,random_3_end.txt,4096,4096,6f3839d4f07ec58f4d0968a24e786174aa2d72593273eb9c06e7608d9cd4ecfc,1,1
input,sha256,random_3_middle.txt,4096,4096,766705fdf6cccec4d4653ccf2743a9f10263292544fb9f0cd69ff7b1fcdae037,1,1
input,sha256,random_3_start.txt,4096,4096,aa4d7dac6a240cac92bd3fc32199e17d843d83741f091a666dfb17e90e3c082f,1,1
input,sha256,struct_len15.txt,15,15,b670825c8f110a2eabfb68acbebf2497ca3c91d3ba8c532a5c213d46f5eaac21,1,1
input,sha256,struct_len16.txt,16,16,9c5729595fb287cc2a2256280448bbe706c0a866f0372515c7483de2af4e6532,1,1
input,sha256,struct_len17.txt,17,17,d04fd59f3d9a1fd424c47874ae1dab0dde54fa73ba474245bfac79279afe6df7,1,1
input,sha256,struct_newline_crlf.txt,9,9,b48780384d7fb8e11f1f16c49c67f18442e13f650b1dc041064aeaaf8ec3e59f,1,1
input,sha256,struct_newline_lf.txt,8,8,dd934323e59eed390341bb10aa0896a9528af489fc998e261d16af711dc9e68a,1,1
input,sha256,struct_order_abc.txt,3,3,ba7816bf8f01cfea414140de5dae2223b00361a396177a9cb410ff61f20015ad,1,1
input,sha256,struct_order_cba.txt,3,3,6d970874d0db767a7058798973f22cf6589601edab57996312f2ef7b56e5584d,1,1
input,sha256,struct_order_words1.txt,11,11,cd2452e8a7b7373a4027e984097ea69922ed6c05ce88d8d5c8ca188a54776d3c,1,1
input,sha256,struct_order_words2.txt,11,11,438b77f2a6d8b4b4b4c2f1423f7389025c749b91288896f89bb44ba51c02e003,1,1
input,sha256,struct_pad_ab.txt,2,2,fb8e20fc2e4c3f248c60c39bd652f3c1347298bb977b8b4d5903b85055620603,1,1
input,sha256,struct_pad_ab0.txt,3,3,969caaeb3626c0d5695eefa6aea53305b312b33d505272adc6cb24450650c243,1,1
input,sha256,struct_repeat_a.txt,32,32,3ba3f5f43b92602683c19aee62a20342b084dd5971ddd33808d81a328879a547,1,1
input,sha256,struct_repeat_ab.txt,32,32,d2f9fa9d99bb30b2b67fc6b0ea2694f345c0961596e0fd82561010b4f7570c2d,1,1
input,sha256,struct_space_lead.txt,8,8,cb4517716b2e90b9718e1bfcc592c2e356209c23fb0b1dc619453ad4f98e7d30,1,1
input,sha256,struct_space_none.txt,7,7,d555a89cab0db97a398b27b24c8cc29b9fba78d4d75dba56af30604a05c7fb45,1,1
input,sha256,struct_space_none_copy.txt,7,7,d555a89cab0db97a398b27b24c8cc29b9fba78d4d75dba56af30604a05c7fb45,1,1
input,sha256,struct_space_trail.txt,8,8,dcbacc20d1686854d7927931d825ac95ca5d67e8074acc15bd39746e97c2faf8,1,1
input,sha256,utf8_lt.txt,26,15,ea7c52c28574ad1ac8fd7b42104174c5f49b60960cb402a8c77109a1c028f621,1,1
input,sha256,utf8_mixed.txt,23,19,353936b3b92982a77651f93a4b91ba3ca8f8ea6c9efabc6b1b2b1a4f405eebe2,1,1
aba,sha256,1
repeat,sha256,random_3.txt,1000,1
leadex,sha256,0563,00e23adbc0a8c69c24b0f8382ba088733a21415bd3053d7cecb31a99a0779db2,1
leadex,sha256,0571,00804ea39e23331d85d3554368df56aea88427934a8ca63d92338230ff79fab7,1
leadex,sha256,0592,003611cf914a0cf89f469a81f99df9f609f1bc402e60aa85d96cbc56f15e1a6c,1
lead,sha256,10000,652,40
