aval,ratas,simbolis,10,25000,37.8906,63.2812,50.0078,3.1377,78.1250,100.0000,93.7473,3.0459
aval,ratas,simbolis,100,25000,38.6719,62.1094,50.0243,3.1180,79.6875,100.0000,93.7572,3.0314
aval,ratas,simbolis,500,25000,37.5000,62.5000,50.0073,3.1233,79.6875,100.0000,93.7477,3.0202
aval,ratas,simbolis,1000,25000,38.2812,62.8906,49.9882,3.1339,76.5625,100.0000,93.7588,3.0041
aval,ratas,simbolis,visi,100000,37.5000,63.2812,50.0069,3.1283,76.5625,100.0000,93.7528,3.0255
hist,ratas,simbolis,96,1
hist,ratas,simbolis,97,2
hist,ratas,simbolis,98,5
hist,ratas,simbolis,99,7
hist,ratas,simbolis,100,17
hist,ratas,simbolis,101,19
hist,ratas,simbolis,102,22
hist,ratas,simbolis,103,35
hist,ratas,simbolis,104,49
hist,ratas,simbolis,105,71
hist,ratas,simbolis,106,115
hist,ratas,simbolis,107,192
hist,ratas,simbolis,108,231
hist,ratas,simbolis,109,295
hist,ratas,simbolis,110,419
hist,ratas,simbolis,111,532
hist,ratas,simbolis,112,636
hist,ratas,simbolis,113,899
hist,ratas,simbolis,114,1080
hist,ratas,simbolis,115,1277
hist,ratas,simbolis,116,1602
hist,ratas,simbolis,117,1914
hist,ratas,simbolis,118,2300
hist,ratas,simbolis,119,2655
hist,ratas,simbolis,120,2954
hist,ratas,simbolis,121,3378
hist,ratas,simbolis,122,3897
hist,ratas,simbolis,123,3972
hist,ratas,simbolis,124,4492
hist,ratas,simbolis,125,4675
hist,ratas,simbolis,126,4678
hist,ratas,simbolis,127,4925
hist,ratas,simbolis,128,4943
hist,ratas,simbolis,129,4900
hist,ratas,simbolis,130,4899
hist,ratas,simbolis,131,4630
hist,ratas,simbolis,132,4409
hist,ratas,simbolis,133,4088
hist,ratas,simbolis,134,3863
hist,ratas,simbolis,135,3501
hist,ratas,simbolis,136,3057
hist,ratas,simbolis,137,2604
hist,ratas,simbolis,138,2252
hist,ratas,simbolis,139,1973
hist,ratas,simbolis,140,1674
hist,ratas,simbolis,141,1301
hist,ratas,simbolis,142,1057
hist,ratas,simbolis,143,828
hist,ratas,simbolis,144,701
hist,ratas,simbolis,145,550
hist,ratas,simbolis,146,395
hist,ratas,simbolis,147,320
hist,ratas,simbolis,148,214
hist,ratas,simbolis,149,142
hist,ratas,simbolis,150,106
hist,ratas,simbolis,151,87
hist,ratas,simbolis,152,55
hist,ratas,simbolis,153,38
hist,ratas,simbolis,154,19
hist,ratas,simbolis,155,12
hist,ratas,simbolis,156,18
hist,ratas,simbolis,157,5
hist,ratas,simbolis,158,5
hist,ratas,simbolis,159,3
hist,ratas,simbolis,160,2
hist,ratas,simbolis,161,2
hist,ratas,simbolis,162,1
aval,ratas,bitas,10,25000,35.9375,63.2812,49.9986,3.1314,79.6875,100.0000,93.7122,3.0265
aval,ratas,bitas,100,25000,37.8906,61.3281,49.9875,3.1146,78.1250,100.0000,93.7539,3.0307
aval,ratas,bitas,500,25000,37.1094,61.3281,49.9960,3.1108,75.0000,100.0000,93.7854,3.0249
aval,ratas,bitas,1000,25000,37.8906,63.6719,49.9928,3.1242,78.1250,100.0000,93.7736,3.0211
aval,ratas,bitas,visi,100000,35.9375,63.6719,49.9937,3.1203,75.0000,100.0000,93.7563,3.0260
hist,ratas,bitas,92,1
hist,ratas,bitas,94,1
hist,ratas,bitas,95,1
hist,ratas,bitas,96,1
hist,ratas,bitas,97,3
hist,ratas,bitas,98,5
hist,ratas,bitas,99,7
hist,ratas,bitas,100,4
hist,ratas,bitas,101,17
hist,ratas,bitas,102,24
hist,ratas,bitas,103,37
hist,ratas,bitas,104,46
hist,ratas,bitas,105,91
hist,ratas,bitas,106,117
hist,ratas,bitas,107,167
hist,ratas,bitas,108,221
hist,ratas,bitas,109,306
hist,ratas,bitas,110,388
hist,ratas,bitas,111,513
hist,ratas,bitas,112,709
hist,ratas,bitas,113,830
hist,ratas,bitas,114,1071
hist,ratas,bitas,115,1308
hist,ratas,bitas,116,1677
hist,ratas,bitas,117,2003
hist,ratas,bitas,118,2267
hist,ratas,bitas,119,2569
hist,ratas,bitas,120,3058
hist,ratas,bitas,121,3387
hist,ratas,bitas,122,3773
hist,ratas,bitas,123,4072
hist,ratas,bitas,124,4282
hist,ratas,bitas,125,4750
hist,ratas,bitas,126,4915
hist,ratas,bitas,127,4987
hist,ratas,bitas,128,5063
hist,ratas,bitas,129,4829
hist,ratas,bitas,130,4827
hist,ratas,bitas,131,4723
hist,ratas,bitas,132,4321
hist,ratas,bitas,133,4168
hist,ratas,bitas,134,3803
hist,ratas,bitas,135,3356
hist,ratas,bitas,136,2945
hist,ratas,bitas,137,2656
hist,ratas,bitas,138,2295
hist,ratas,bitas,139,1902
hist,ratas,bitas,140,1613
hist,ratas,bitas,141,1351
hist,ratas,bitas,142,1075
hist,ratas,bitas,143,865
hist,ratas,bitas,144,708
hist,ratas,bitas,145,504
hist,ratas,bitas,146,389
hist,ratas,bitas,147,296
hist,ratas,bitas,148,213
hist,ratas,bitas,149,150
hist,ratas,bitas,150,111
hist,ratas,bitas,151,88
hist,ratas,bitas,152,46
hist,ratas,bitas,153,40
hist,ratas,bitas,154,16
hist,ratas,bitas,155,8
hist,ratas,bitas,156,15
hist,ratas,bitas,157,5
hist,ratas,bitas,158,4
hist,ratas,bitas,159,3
hist,ratas,bitas,161,2
hist,ratas,bitas,162,1
hist,ratas,bitas,163,1
aval,di,simbolis,10,25000,37.8906,62.1094,50.0456,3.1211,79.6875,100.0000,93.7769,3.0215
aval,di,simbolis,100,25000,37.5000,62.8906,49.9660,3.0909,78.1250,100.0000,93.7518,3.0279
aval,di,simbolis,500,25000,38.2812,63.6719,49.9911,3.0993,78.1250,100.0000,93.7748,3.0058
aval,di,simbolis,1000,25000,37.8906,60.9375,49.9950,3.1306,76.5625,100.0000,93.7429,3.0175
aval,di,simbolis,visi,100000,37.5000,63.6719,49.9994,3.1106,76.5625,100.0000,93.7616,3.0182
hist,di,simbolis,96,1
hist,di,simbolis,97,3
hist,di,simbolis,98,6
hist,di,simbolis,99,6
hist,di,simbolis,100,13
hist,di,simbolis,101,15
hist,di,simbolis,102,24
hist,di,simbolis,103,41
hist,di,simbolis,104,41
hist,di,simbolis,105,65
hist,di,simbolis,106,116
hist,di,simbolis,107,132
hist,di,simbolis,108,229
hist,di,simbolis,109,278
hist,di,simbolis,110,406
hist,di,simbolis,111,530
hist,di,simbolis,112,683
hist,di,simbolis,113,830
hist,di,simbolis,114,1049
hist,di,simbolis,115,1345
hist,di,simbolis,116,1578
hist,di,simbolis,117,1986
hist,di,simbolis,118,2238
hist,di,simbolis,119,2654
hist,di,simbolis,120,3091
hist,di,simbolis,121,3433
hist,di,simbolis,122,3857
hist,di,simbolis,123,4141
hist,di,simbolis,124,4407
hist,di,simbolis,125,4582
hist,di,simbolis,126,4794
hist,di,simbolis,127,4997
hist,di,simbolis,128,4925
hist,di,simbolis,129,4931
hist,di,simbolis,130,4790
hist,di,simbolis,131,4602
hist,di,simbolis,132,4435
hist,di,simbolis,133,4243
hist,di,simbolis,134,3756
hist,di,simbolis,135,3376
hist,di,simbolis,136,3016
hist,di,simbolis,137,2676
hist,di,simbolis,138,2239
hist,di,simbolis,139,1956
hist,di,simbolis,140,1625
hist,di,simbolis,141,1384
hist,di,simbolis,142,1064
hist,di,simbolis,143,905
hist,di,simbolis,144,665
hist,di,simbolis,145,500
hist,di,simbolis,146,359
hist,di,simbolis,147,320
hist,di,simbolis,148,180
hist,di,simbolis,149,151
hist,di,simbolis,150,104
hist,di,simbolis,151,75
hist,di,simbolis,152,49
hist,di,simbolis,153,47
hist,di,simbolis,154,17
hist,di,simbolis,155,15
hist,di,simbolis,156,13
hist,di,simbolis,157,4
hist,di,simbolis,158,1
hist,di,simbolis,159,1
hist,di,simbolis,160,1
hist,di,simbolis,161,2
hist,di,simbolis,162,1
hist,di,simbolis,163,1
aval,di,bitas,10,25000,37.5000,64.0625,50.0203,3.1230,78.1250,100.0000,93.7892,3.0142
aval,di,bitas,100,25000,39.0625,62.5000,49.9594,3.0859,79.6875,100.0000,93.7411,3.0084
aval,di,bitas,500,25000,37.5000,62.8906,49.9828,3.1320,79.6875,100.0000,93.7487,3.0341
aval,di,bitas,1000,25000,36.7188,63.2812,50.0130,3.1233,78.1250,100.0000,93.7567,3.0439
aval,di,bitas,visi,100000,36.7188,64.0625,49.9939,3.1162,78.1250,100.0000,93.7589,3.0253
hist,di,bitas,94,1
hist,di,bitas,96,3
hist,di,bitas,97,3
hist,di,bitas,98,1
hist,di,bitas,99,4
hist,di,bitas,100,5
hist,di,bitas,101,18
hist,di,bitas,102,18
hist,di,bitas,103,42
hist,di,bitas,104,58
hist,di,bitas,105,91
hist,di,bitas,106,114
hist,di,bitas,107,171
hist,di,bitas,108,229
hist,di,bitas,109,270
hist,di,bitas,110,426
hist,di,bitas,111,543
hist,di,bitas,112,656
hist,di,bitas,113,882
hist,di,bitas,114,1021
hist,di,bitas,115,1334
hist,di,bitas,116,1599
hist,di,bitas,117,1946
hist,di,bitas,118,2215
hist,di,bitas,119,2632
hist,di,bitas,120,3059
hist,di,bitas,121,3391
hist,di,bitas,122,3836
hist,di,bitas,123,4105
hist,di,bitas,124,4406
hist,di,bitas,125,4626
hist,di,bitas,126,4876
hist,di,bitas,127,5018
hist,di,bitas,128,5035
hist,di,bitas,129,4941
hist,di,bitas,130,4830
hist,di,bitas,131,4630
hist,di,bitas,132,4349
hist,di,bitas,133,4087
hist,di,bitas,134,3854
hist,di,bitas,135,3437
hist,di,bitas,136,3027
hist,di,bitas,137,2592
hist,di,bitas,138,2251
hist,di,bitas,139,1891
hist,di,bitas,140,1607
hist,di,bitas,141,1312
hist,di,bitas,142,1089
hist,di,bitas,143,916
hist,di,bitas,144,683
hist,di,bitas,145,491
hist,di,bitas,146,412
hist,di,bitas,147,262
hist,di,bitas,148,201
hist,di,bitas,149,172
hist,di,bitas,150,101
hist,di,bitas,151,68
hist,di,bitas,152,59
hist,di,bitas,153,37
hist,di,bitas,154,29
hist,di,bitas,155,16
hist,di,bitas,156,6
hist,di,bitas,157,6
hist,di,bitas,158,4
hist,di,bitas,159,1
hist,di,bitas,160,2
hist,di,bitas,161,1
hist,di,bitas,162,1
hist,di,bitas,164,1
aval,md5,simbolis,10,25000,29.6875,69.5312,49.9724,4.4379,71.8750,100.0000,93.7302,4.2835
aval,md5,simbolis,100,25000,30.4688,68.7500,50.0085,4.4344,68.7500,100.0000,93.7469,4.2746
aval,md5,simbolis,500,25000,32.8125,65.6250,50.0326,4.4319,71.8750,100.0000,93.7608,4.2894
aval,md5,simbolis,1000,25000,31.2500,67.1875,49.9513,4.4156,65.6250,100.0000,93.7140,4.2906
aval,md5,simbolis,visi,100000,29.6875,69.5312,49.9912,4.4301,65.6250,100.0000,93.7380,4.2846
hist,md5,simbolis,38,1
hist,md5,simbolis,39,2
hist,md5,simbolis,40,1
hist,md5,simbolis,41,1
hist,md5,simbolis,42,5
hist,md5,simbolis,43,5
hist,md5,simbolis,44,6
hist,md5,simbolis,45,26
hist,md5,simbolis,46,42
hist,md5,simbolis,47,93
hist,md5,simbolis,48,129
hist,md5,simbolis,49,201
hist,md5,simbolis,50,348
hist,md5,simbolis,51,542
hist,md5,simbolis,52,733
hist,md5,simbolis,53,1073
hist,md5,simbolis,54,1481
hist,md5,simbolis,55,2040
hist,md5,simbolis,56,2619
hist,md5,simbolis,57,3171
hist,md5,simbolis,58,4038
hist,md5,simbolis,59,4736
hist,md5,simbolis,60,5569
hist,md5,simbolis,61,6209
hist,md5,simbolis,62,6658
hist,md5,simbolis,63,6824
hist,md5,simbolis,64,7035
hist,md5,simbolis,65,6905
hist,md5,simbolis,66,6606
hist,md5,simbolis,67,6189
hist,md5,simbolis,68,5504
hist,md5,simbolis,69,4840
hist,md5,simbolis,70,3932
hist,md5,simbolis,71,3182
hist,md5,simbolis,72,2542
hist,md5,simbolis,73,1989
hist,md5,simbolis,74,1478
hist,md5,simbolis,75,1072
hist,md5,simbolis,76,811
hist,md5,simbolis,77,510
hist,md5,simbolis,78,348
hist,md5,simbolis,79,220
hist,md5,simbolis,80,117
hist,md5,simbolis,81,63
hist,md5,simbolis,82,53
hist,md5,simbolis,83,23
hist,md5,simbolis,84,16
hist,md5,simbolis,85,4
hist,md5,simbolis,86,5
hist,md5,simbolis,88,2
hist,md5,simbolis,89,1
aval,md5,bitas,10,25000,32.8125,68.7500,49.9691,4.3787,68.7500,100.0000,93.7135,4.2801
aval,md5,bitas,100,25000,32.0312,67.1875,50.0502,4.4038,71.8750,100.0000,93.7749,4.3099
aval,md5,bitas,500,25000,32.0312,71.8750,50.0210,4.4292,71.8750,100.0000,93.7350,4.2842
aval,md5,bitas,1000,25000,33.5938,66.4062,49.9806,4.4096,71.8750,100.0000,93.7652,4.2813
aval,md5,bitas,visi,100000,32.0312,71.8750,50.0052,4.4055,68.7500,100.0000,93.7472,4.2890
hist,md5,bitas,41,3
hist,md5,bitas,42,1
hist,md5,bitas,43,8
hist,md5,bitas,44,9
hist,md5,bitas,45,18
hist,md5,bitas,46,43
hist,md5,bitas,47,69
hist,md5,bitas,48,120
hist,md5,bitas,49,213
hist,md5,bitas,50,322
hist,md5,bitas,51,502
hist,md5,bitas,52,707
hist,md5,bitas,53,1059
hist,md5,bitas,54,1451
hist,md5,bitas,55,2057
hist,md5,bitas,56,2566
hist,md5,bitas,57,3267
hist,md5,bitas,58,3977
hist,md5,bitas,59,4856
hist,md5,bitas,60,5598
hist,md5,bitas,61,6044
hist,md5,bitas,62,6699
hist,md5,bitas,63,6956
hist,md5,bitas,64,6932
hist,md5,bitas,65,6932
hist,md5,bitas,66,6697
hist,md5,bitas,67,6107
hist,md5,bitas,68,5447
hist,md5,bitas,69,4774
hist,md5,bitas,70,4023
hist,md5,bitas,71,3310
hist,md5,bitas,72,2593
hist,md5,bitas,73,1987
hist,md5,bitas,74,1536
hist,md5,bitas,75,1087
hist,md5,bitas,76,729
hist,md5,bitas,77,507
hist,md5,bitas,78,310
hist,md5,bitas,79,195
hist,md5,bitas,80,136
hist,md5,bitas,81,75
hist,md5,bitas,82,35
hist,md5,bitas,83,16
hist,md5,bitas,84,11
hist,md5,bitas,85,9
hist,md5,bitas,86,2
hist,md5,bitas,87,3
hist,md5,bitas,88,1
hist,md5,bitas,92,1
aval,sha1,simbolis,10,25000,34.3750,64.3750,50.0107,3.9200,77.5000,100.0000,93.8041,3.7894
aval,sha1,simbolis,100,25000,35.6250,66.2500,49.9507,3.9742,77.5000,100.0000,93.7352,3.8276
aval,sha1,simbolis,500,25000,33.1250,66.2500,49.9851,3.9329,72.5000,100.0000,93.7154,3.8260
aval,sha1,simbolis,1000,25000,35.6250,67.5000,49.9909,3.9588,70.0000,100.0000,93.7377,3.8556
aval,sha1,simbolis,visi,100000,33.1250,67.5000,49.9843,3.9466,70.0000,100.0000,93.7481,3.8249
hist,sha1,simbolis,53,1
hist,sha1,simbolis,54,1
hist,sha1,simbolis,55,1
hist,sha1,simbolis,56,4
hist,sha1,simbolis,57,7
hist,sha1,simbolis,58,15
hist,sha1,simbolis,59,24
hist,sha1,simbolis,60,41
hist,sha1,simbolis,61,69
hist,sha1,simbolis,62,95
hist,sha1,simbolis,63,170
hist,sha1,simbolis,64,272
hist,sha1,simbolis,65,401
hist,sha1,simbolis,66,537
hist,sha1,simbolis,67,777
hist,sha1,simbolis,68,1012
hist,sha1,simbolis,69,1374
hist,sha1,simbolis,70,1776
hist,sha1,simbolis,71,2368
hist,sha1,simbolis,72,2814
hist,sha1,simbolis,73,3487
hist,sha1,simbolis,74,4109
hist,sha1,simbolis,75,4645
hist,sha1,simbolis,76,5092
hist,sha1,simbolis,77,5658
hist,sha1,simbolis,78,5971
hist,sha1,simbolis,79,6351
hist,sha1,simbolis,80,6294
hist,sha1,simbolis,81,6355
hist,sha1,simbolis,82,5911
hist,sha1,simbolis,83,5614
hist,sha1,simbolis,84,5070
hist,sha1,simbolis,85,4550
hist,sha1,simbolis,86,4039
hist,sha1,simbolis,87,3347
hist,sha1,simbolis,88,2837
hist,sha1,simbolis,89,2269
hist,sha1,simbolis,90,1874
hist,sha1,simbolis,91,1456
hist,sha1,simbolis,92,975
hist,sha1,simbolis,93,754
hist,sha1,simbolis,94,512
hist,sha1,simbolis,95,352
hist,sha1,simbolis,96,278
hist,sha1,simbolis,97,179
hist,sha1,simbolis,98,100
hist,sha1,simbolis,99,57
hist,sha1,simbolis,100,44
hist,sha1,simbolis,101,25
hist,sha1,simbolis,102,17
hist,sha1,simbolis,103,8
hist,sha1,simbolis,104,7
hist,sha1,simbolis,105,1
hist,sha1,simbolis,106,2
hist,sha1,simbolis,108,1
aval,sha1,bitas,10,25000,33.1250,65.0000,50.0086,3.9488,70.0000,100.0000,93.7580,3.8181
aval,sha1,bitas,100,25000,35.0000,65.0000,50.0095,3.9638,72.5000,100.0000,93.7775,3.8181
aval,sha1,bitas,500,25000,33.7500,64.3750,50.0497,3.9455,75.0000,100.0000,93.7896,3.8258
aval,sha1,bitas,1000,25000,33.7500,65.0000,49.9946,3.9634,70.0000,100.0000,93.7500,3.8295
aval,sha1,bitas,visi,100000,33.1250,65.0000,50.0156,3.9554,70.0000,100.0000,93.7688,3.8229
hist,sha1,bitas,53,1
hist,sha1,bitas,54,2
hist,sha1,bitas,55,4
hist,sha1,bitas,56,5
hist,sha1,bitas,57,4
hist,sha1,bitas,58,17
hist,sha1,bitas,59,19
hist,sha1,bitas,60,45
hist,sha1,bitas,61,69
hist,sha1,bitas,62,90
hist,sha1,bitas,63,168
hist,sha1,bitas,64,262
hist,sha1,bitas,65,369
hist,sha1,bitas,66,542
hist,sha1,bitas,67,821
hist,sha1,bitas,68,1054
hist,sha1,bitas,69,1407
hist,sha1,bitas,70,1775
hist,sha1,bitas,71,2298
hist,sha1,bitas,72,2822
hist,sha1,bitas,73,3326
hist,sha1,bitas,74,4007
hist,sha1,bitas,75,4603
hist,sha1,bitas,76,5175
hist,sha1,bitas,77,5562
hist,sha1,bitas,78,5918
hist,sha1,bitas,79,6245
hist,sha1,bitas,80,6340
hist,sha1,bitas,81,6191
hist,sha1,bitas,82,6059
hist,sha1,bitas,83,5619
hist,sha1,bitas,84,5245
hist,sha1,bitas,85,4599
hist,sha1,bitas,86,4089
hist,sha1,bitas,87,3419
hist,sha1,bitas,88,2836
hist,sha1,bitas,89,2276
hist,sha1,bitas,90,1814
hist,sha1,bitas,91,1415
hist,sha1,bitas,92,1067
hist,sha1,bitas,93,761
hist,sha1,bitas,94,583
hist,sha1,bitas,95,377
hist,sha1,bitas,96,277
hist,sha1,bitas,97,157
hist,sha1,bitas,98,94
hist,sha1,bitas,99,68
hist,sha1,bitas,100,45
hist,sha1,bitas,101,26
hist,sha1,bitas,102,18
hist,sha1,bitas,103,10
hist,sha1,bitas,104,5
aval,sha256,simbolis,10,25000,38.2812,62.8906,50.0141,3.1180,79.6875,100.0000,93.7423,3.0032
aval,sha256,simbolis,100,25000,35.9375,62.5000,49.9944,3.1195,78.1250,100.0000,93.7504,3.0310
aval,sha256,simbolis,500,25000,37.1094,63.2812,50.0208,3.1347,79.6875,100.0000,93.7416,3.0188
aval,sha256,simbolis,1000,25000,35.9375,62.5000,49.9812,3.1258,79.6875,100.0000,93.7412,3.0022
aval,sha256,simbolis,visi,100000,35.9375,63.2812,50.0026,3.1245,78.1250,100.0000,93.7439,3.0138
hist,sha256,simbolis,92,2
hist,sha256,simbolis,94,1
hist,sha256,simbolis,95,1
hist,sha256,simbolis,96,1
hist,sha256,simbolis,97,1
hist,sha256,simbolis,98,2
hist,sha256,simbolis,99,2
hist,sha256,simbolis,100,17
hist,sha256,simbolis,101,14
hist,sha256,simbolis,102,37
hist,sha256,simbolis,103,31
hist,sha256,simbolis,104,63
hist,sha256,simbolis,105,78
hist,sha256,simbolis,106,111
hist,sha256,simbolis,107,162
hist,sha256,simbolis,108,209
hist,sha256,simbolis,109,319
hist,sha256,simbolis,110,355
hist,sha256,simbolis,111,525
hist,sha256,simbolis,112,650
hist,sha256,simbolis,113,867
hist,sha256,simbolis,114,1133
hist,sha256,simbolis,115,1325
hist,sha256,simbolis,116,1596
hist,sha256,simbolis,117,1926
hist,sha256,simbolis,118,2337
hist,sha256,simbolis,119,2651
hist,sha256,simbolis,120,3027
hist,sha256,simbolis,121,3358
hist,sha256,simbolis,122,3776
hist,sha256,simbolis,123,4111
hist,sha256,simbolis,124,4402
hist,sha256,simbolis,125,4640
hist,sha256,simbolis,126,4793
hist,sha256,simbolis,127,4984
hist,sha256,simbolis,128,4922
hist,sha256,simbolis,129,4881
hist,sha256,simbolis,130,4881
hist,sha256,simbolis,131,4641
hist,sha256,simbolis,132,4323
hist,sha256,simbolis,133,4093
hist,sha256,simbolis,134,3845
hist,sha256,simbolis,135,3455
hist,sha256,simbolis,136,3072
hist,sha256,simbolis,137,2665
hist,sha256,simbolis,138,2253
hist,sha256,simbolis,139,1950
hist,sha256,simbolis,140,1633
hist,sha256,simbolis,141,1327
hist,sha256,simbolis,142,1088
hist,sha256,simbolis,143,888
hist,sha256,simbolis,144,663
hist,sha256,simbolis,145,484
hist,sha256,simbolis,146,391
hist,sha256,simbolis,147,295
hist,sha256,simbolis,148,234
hist,sha256,simbolis,149,159
hist,sha256,simbolis,150,124
hist,sha256,simbolis,151,72
hist,sha256,simbolis,152,46
hist,sha256,simbolis,153,40
hist,sha256,simbolis,154,23
hist,sha256,simbolis,155,21
hist,sha256,simbolis,156,11
hist,sha256,simbolis,157,4
hist,sha256,simbolis,158,2
hist,sha256,simbolis,159,2
hist,sha256,simbolis,160,3
hist,sha256,simbolis,161,1
hist,sha256,simbolis,162,1
aval,sha256,bitas,10,25000,38.2812,62.1094,50.0214,3.1489,78.1250,100.0000,93.7378,3.0620
aval,sha256,bitas,100,25000,37.5000,62.5000,49.9873,3.1282,78.1250,100.0000,93.7425,3.0466
aval,sha256,bitas,500,25000,38.2812,62.1094,50.0168,3.1467,79.6875,100.0000,93.7499,2.9966
aval,sha256,bitas,1000,25000,37.5000,61.7188,50.0027,3.1181,76.5625,100.0000,93.7355,3.0120
aval,sha256,bitas,visi,100000,37.5000,62.5000,50.0070,3.1356,76.5625,100.0000,93.7414,3.0294
hist,sha256,bitas,96,2
hist,sha256,bitas,98,5
hist,sha256,bitas,99,8
hist,sha256,bitas,100,13
hist,sha256,bitas,101,21
hist,sha256,bitas,102,23
hist,sha256,bitas,103,29
hist,sha256,bitas,104,55
hist,sha256,bitas,105,65
hist,sha256,bitas,106,115
hist,sha256,bitas,107,150
hist,sha256,bitas,108,224
hist,sha256,bitas,109,333
hist,sha256,bitas,110,416
hist,sha256,bitas,111,518
hist,sha256,bitas,112,688
hist,sha256,bitas,113,840
hist,sha256,bitas,114,1116
hist,sha256,bitas,115,1312
hist,sha256,bitas,116,1608
hist,sha256,bitas,117,1967
hist,sha256,bitas,118,2304
hist,sha256,bitas,119,2576
hist,sha256,bitas,120,3020
hist,sha256,bitas,121,3483
hist,sha256,bitas,122,3847
hist,sha256,bitas,123,3916
hist,sha256,bitas,124,4500
hist,sha256,bitas,125,4586
hist,sha256,bitas,126,4751
hist,sha256,bitas,127,4911
hist,sha256,bitas,128,5016
hist,sha256,bitas,129,4896
hist,sha256,bitas,130,4848
hist,sha256,bitas,131,4544
hist,sha256,bitas,132,4557
hist,sha256,bitas,133,4068
hist,sha256,bitas,134,3668
hist,sha256,bitas,135,3381
hist,sha256,bitas,136,3064
hist,sha256,bitas,137,2671
hist,sha256,bitas,138,2322
hist,sha256,bitas,139,1940
hist,sha256,bitas,140,1593
hist,sha256,bitas,141,1370
hist,sha256,bitas,142,1069
hist,sha256,bitas,143,894
hist,sha256,bitas,144,712
hist,sha256,bitas,145,550
hist,sha256,bitas,146,376
hist,sha256,bitas,147,288
hist,sha256,bitas,148,233
hist,sha256,bitas,149,159
hist,sha256,bitas,150,121
hist,sha256,bitas,151,86
hist,sha256,bitas,152,63
hist,sha256,bitas,153,42
hist,sha256,bitas,154,22
hist,sha256,bitas,155,16
hist,sha256,bitas,156,8
hist,sha256,bitas,157,10
hist,sha256,bitas,158,5
hist,sha256,bitas,159,5
hist,sha256,bitas,160,1
