hash,mode,bits,bin_bits,bin_percent,count
Ratas v0.1,simbolis,256,96,37.500,1
Ratas v0.1,simbolis,256,97,37.891,4
Ratas v0.1,simbolis,256,98,38.281,2
Ratas v0.1,simbolis,256,99,38.672,3
Ratas v0.1,simbolis,256,100,39.062,5
Ratas v0.1,simbolis,256,101,39.453,14
Ratas v0.1,simbolis,256,102,39.844,20
Ratas v0.1,simbolis,256,103,40.234,32
Ratas v0.1,simbolis,256,104,40.625,64
Ratas v0.1,simbolis,256,105,41.016,78
Ratas v0.1,simbolis,256,106,41.406,109
Ratas v0.1,simbolis,256,107,41.797,148
Ratas v0.1,simbolis,256,108,42.188,223
Ratas v0.1,simbolis,256,109,42.578,294
Ratas v0.1,simbolis,256,110,42.969,392
Ratas v0.1,simbolis,256,111,43.359,545
Ratas v0.1,simbolis,256,112,43.750,710
Ratas v0.1,simbolis,256,113,44.141,862
Ratas v0.1,simbolis,256,114,44.531,1045
Ratas v0.1,simbolis,256,115,44.922,1317
Ratas v0.1,simbolis,256,116,45.312,1666
Ratas v0.1,simbolis,256,117,45.703,1951
Ratas v0.1,simbolis,256,118,46.094,2296
Ratas v0.1,simbolis,256,119,46.484,2584
Ratas v0.1,simbolis,256,120,46.875,3084
Ratas v0.1,simbolis,256,121,47.266,3384
Ratas v0.1,simbolis,256,122,47.656,3919
Ratas v0.1,simbolis,256,123,48.047,3977
Ratas v0.1,simbolis,256,124,48.438,4483
Ratas v0.1,simbolis,256,125,48.828,4629
Ratas v0.1,simbolis,256,126,49.219,4708
Ratas v0.1,simbolis,256,127,49.609,4892
Ratas v0.1,simbolis,256,128,50.000,4962
Ratas v0.1,simbolis,256,129,50.391,4877
Ratas v0.1,simbolis,256,130,50.781,4889
Ratas v0.1,simbolis,256,131,51.172,4606
Ratas v0.1,simbolis,256,132,51.562,4493
Ratas v0.1,simbolis,256,133,51.953,4092
Ratas v0.1,simbolis,256,134,52.344,3860
Ratas v0.1,simbolis,256,135,52.734,3423
Ratas v0.1,simbolis,256,136,53.125,3032
Ratas v0.1,simbolis,256,137,53.516,2654
Ratas v0.1,simbolis,256,138,53.906,2284
Ratas v0.1,simbolis,256,139,54.297,1905
Ratas v0.1,simbolis,256,140,54.688,1568
Ratas v0.1,simbolis,256,141,55.078,1279
Ratas v0.1,simbolis,256,142,55.469,1110
Ratas v0.1,simbolis,256,143,55.859,874
Ratas v0.1,simbolis,256,144,56.250,715
Ratas v0.1,simbolis,256,145,56.641,521
Ratas v0.1,simbolis,256,146,57.031,399
Ratas v0.1,simbolis,256,147,57.422,327
Ratas v0.1,simbolis,256,148,57.812,189
Ratas v0.1,simbolis,256,149,58.203,135
Ratas v0.1,simbolis,256,150,58.594,117
Ratas v0.1,simbolis,256,151,58.984,81
Ratas v0.1,simbolis,256,152,59.375,47
Ratas v0.1,simbolis,256,153,59.766,40
Ratas v0.1,simbolis,256,154,60.156,23
Ratas v0.1,simbolis,256,155,60.547,27
Ratas v0.1,simbolis,256,156,60.938,10
Ratas v0.1,simbolis,256,157,61.328,6
Ratas v0.1,simbolis,256,158,61.719,5
Ratas v0.1,simbolis,256,159,62.109,3
Ratas v0.1,simbolis,256,160,62.500,4
Ratas v0.1,simbolis,256,161,62.891,1
Ratas v0.1,simbolis,256,162,63.281,1
MD5,simbolis,128,40,31.250,1
MD5,simbolis,128,41,32.031,4
MD5,simbolis,128,42,32.812,2
MD5,simbolis,128,43,33.594,7
MD5,simbolis,128,44,34.375,11
MD5,simbolis,128,45,35.156,30
MD5,simbolis,128,46,35.938,42
MD5,simbolis,128,47,36.719,83
MD5,simbolis,128,48,37.500,126
MD5,simbolis,128,49,38.281,211
MD5,simbolis,128,50,39.062,338
MD5,simbolis,128,51,39.844,478
MD5,simbolis,128,52,40.625,723
MD5,simbolis,128,53,41.406,1108
MD5,simbolis,128,54,42.188,1415
MD5,simbolis,128,55,42.969,2001
MD5,simbolis,128,56,43.750,2640
MD5,simbolis,128,57,44.531,3331
MD5,simbolis,128,58,45.312,4057
MD5,simbolis,128,59,46.094,4853
MD5,simbolis,128,60,46.875,5453
MD5,simbolis,128,61,47.656,6086
MD5,simbolis,128,62,48.438,6765
MD5,simbolis,128,63,49.219,6952
MD5,simbolis,128,64,50.000,6973
MD5,simbolis,128,65,50.781,6828
MD5,simbolis,128,66,51.562,6537
MD5,simbolis,128,67,52.344,6203
MD5,simbolis,128,68,53.125,5467
MD5,simbolis,128,69,53.906,4743
MD5,simbolis,128,70,54.688,4070
MD5,simbolis,128,71,55.469,3332
MD5,simbolis,128,72,56.250,2662
MD5,simbolis,128,73,57.031,1885
MD5,simbolis,128,74,57.812,1503
MD5,simbolis,128,75,58.594,1087
MD5,simbolis,128,76,59.375,701
MD5,simbolis,128,77,60.156,470
MD5,simbolis,128,78,60.938,329
MD5,simbolis,128,79,61.719,201
MD5,simbolis,128,80,62.500,134
MD5,simbolis,128,81,63.281,63
MD5,simbolis,128,82,64.062,45
MD5,simbolis,128,83,64.844,29
MD5,simbolis,128,84,65.625,11
MD5,simbolis,128,85,66.406,6
MD5,simbolis,128,86,67.188,2
MD5,simbolis,128,88,68.750,2
SHA-1,simbolis,160,50,31.250,1
SHA-1,simbolis,160,54,33.750,3
SHA-1,simbolis,160,55,34.375,1
SHA-1,simbolis,160,56,35.000,11
SHA-1,simbolis,160,57,35.625,8
SHA-1,simbolis,160,58,36.250,13
SHA-1,simbolis,160,59,36.875,13
SHA-1,simbolis,160,60,37.500,34
SHA-1,simbolis,160,61,38.125,72
SHA-1,simbolis,160,62,38.750,119
SHA-1,simbolis,160,63,39.375,183
SHA-1,simbolis,160,64,40.000,250
SHA-1,simbolis,160,65,40.625,402
SHA-1,simbolis,160,66,41.250,537
SHA-1,simbolis,160,67,41.875,746
SHA-1,simbolis,160,68,42.500,1038
SHA-1,simbolis,160,69,43.125,1359
SHA-1,simbolis,160,70,43.750,1779
SHA-1,simbolis,160,71,44.375,2315
SHA-1,simbolis,160,72,45.000,2834
SHA-1,simbolis,160,73,45.625,3469
SHA-1,simbolis,160,74,46.250,4012
SHA-1,simbolis,160,75,46.875,4602
SHA-1,simbolis,160,76,47.500,5205
SHA-1,simbolis,160,77,48.125,5647
SHA-1,simbolis,160,78,48.750,6062
SHA-1,simbolis,160,79,49.375,6226
SHA-1,simbolis,160,80,50.000,6250
SHA-1,simbolis,160,81,50.625,6216
SHA-1,simbolis,160,82,51.250,5993
SHA-1,simbolis,160,83,51.875,5606
SHA-1,simbolis,160,84,52.500,5178
SHA-1,simbolis,160,85,53.125,4597
SHA-1,simbolis,160,86,53.750,3929
SHA-1,simbolis,160,87,54.375,3500
SHA-1,simbolis,160,88,55.000,2767
SHA-1,simbolis,160,89,55.625,2311
SHA-1,simbolis,160,90,56.250,1827
SHA-1,simbolis,160,91,56.875,1382
SHA-1,simbolis,160,92,57.500,1044
SHA-1,simbolis,160,93,58.125,819
SHA-1,simbolis,160,94,58.750,534
SHA-1,simbolis,160,95,59.375,377
SHA-1,simbolis,160,96,60.000,260
SHA-1,simbolis,160,97,60.625,163
SHA-1,simbolis,160,98,61.250,106
SHA-1,simbolis,160,99,61.875,75
SHA-1,simbolis,160,100,62.500,65
SHA-1,simbolis,160,101,63.125,30
SHA-1,simbolis,160,102,63.750,11
SHA-1,simbolis,160,103,64.375,8
SHA-1,simbolis,160,104,65.000,6
SHA-1,simbolis,160,105,65.625,3
SHA-1,simbolis,160,106,66.250,1
SHA-1,simbolis,160,107,66.875,1
SHA-256,simbolis,256,94,36.719,2
SHA-256,simbolis,256,95,37.109,4
SHA-256,simbolis,256,96,37.500,3
SHA-256,simbolis,256,98,38.281,4
SHA-256,simbolis,256,99,38.672,8
SHA-256,simbolis,256,100,39.062,15
SHA-256,simbolis,256,101,39.453,17
SHA-256,simbolis,256,102,39.844,25
SHA-256,simbolis,256,103,40.234,43
SHA-256,simbolis,256,104,40.625,53
SHA-256,simbolis,256,105,41.016,89
SHA-256,simbolis,256,106,41.406,115
SHA-256,simbolis,256,107,41.797,161
SHA-256,simbolis,256,108,42.188,207
SHA-256,simbolis,256,109,42.578,281
SHA-256,simbolis,256,110,42.969,389
SHA-256,simbolis,256,111,43.359,584
SHA-256,simbolis,256,112,43.750,692
SHA-256,simbolis,256,113,44.141,852
SHA-256,simbolis,256,114,44.531,1126
SHA-256,simbolis,256,115,44.922,1406
SHA-256,simbolis,256,116,45.312,1618
SHA-256,simbolis,256,117,45.703,1969
SHA-256,simbolis,256,118,46.094,2284
SHA-256,simbolis,256,119,46.484,2661
SHA-256,simbolis,256,120,46.875,3014
SHA-256,simbolis,256,121,47.266,3436
SHA-256,simbolis,256,122,47.656,3845
SHA-256,simbolis,256,123,48.047,4160
SHA-256,simbolis,256,124,48.438,4386
SHA-256,simbolis,256,125,48.828,4673
SHA-256,simbolis,256,126,49.219,4818
SHA-256,simbolis,256,127,49.609,4917
SHA-256,simbolis,256,128,50.000,4909
SHA-256,simbolis,256,129,50.391,4865
SHA-256,simbolis,256,130,50.781,4796
SHA-256,simbolis,256,131,51.172,4573
SHA-256,simbolis,256,132,51.562,4391
SHA-256,simbolis,256,133,51.953,4099
SHA-256,simbolis,256,134,52.344,3625
SHA-256,simbolis,256,135,52.734,3298
SHA-256,simbolis,256,136,53.125,2982
SHA-256,simbolis,256,137,53.516,2667
SHA-256,simbolis,256,138,53.906,2363
SHA-256,simbolis,256,139,54.297,1955
SHA-256,simbolis,256,140,54.688,1603
SHA-256,simbolis,256,141,55.078,1364
SHA-256,simbolis,256,142,55.469,1087
SHA-256,simbolis,256,143,55.859,924
SHA-256,simbolis,256,144,56.250,699
SHA-256,simbolis,256,145,56.641,557
SHA-256,simbolis,256,146,57.031,386
SHA-256,simbolis,256,147,57.422,304
SHA-256,simbolis,256,148,57.812,230
SHA-256,simbolis,256,149,58.203,156
SHA-256,simbolis,256,150,58.594,101
SHA-256,simbolis,256,151,58.984,80
SHA-256,simbolis,256,152,59.375,31
SHA-256,simbolis,256,153,59.766,28
SHA-256,simbolis,256,154,60.156,30
SHA-256,simbolis,256,155,60.547,18
SHA-256,simbolis,256,156,60.938,8
SHA-256,simbolis,256,157,61.328,6
SHA-256,simbolis,256,158,61.719,4
SHA-256,simbolis,256,159,62.109,2
SHA-256,simbolis,256,160,62.500,1
SHA-256,simbolis,256,161,62.891,1
Ratas v0.1,bitas,256,94,36.719,1
Ratas v0.1,bitas,256,96,37.500,2
Ratas v0.1,bitas,256,97,37.891,3
Ratas v0.1,bitas,256,98,38.281,2
Ratas v0.1,bitas,256,99,38.672,7
Ratas v0.1,bitas,256,100,39.062,15
Ratas v0.1,bitas,256,101,39.453,27
Ratas v0.1,bitas,256,102,39.844,18
Ratas v0.1,bitas,256,103,40.234,42
Ratas v0.1,bitas,256,104,40.625,50
Ratas v0.1,bitas,256,105,41.016,81
Ratas v0.1,bitas,256,106,41.406,113
Ratas v0.1,bitas,256,107,41.797,147
Ratas v0.1,bitas,256,108,42.188,217
Ratas v0.1,bitas,256,109,42.578,290
Ratas v0.1,bitas,256,110,42.969,393
Ratas v0.1,bitas,256,111,43.359,526
Ratas v0.1,bitas,256,112,43.750,656
Ratas v0.1,bitas,256,113,44.141,877
Ratas v0.1,bitas,256,114,44.531,1092
Ratas v0.1,bitas,256,115,44.922,1359
Ratas v0.1,bitas,256,116,45.312,1561
Ratas v0.1,bitas,256,117,45.703,1939
Ratas v0.1,bitas,256,118,46.094,2320
Ratas v0.1,bitas,256,119,46.484,2646
Ratas v0.1,bitas,256,120,46.875,2972
Ratas v0.1,bitas,256,121,47.266,3458
Ratas v0.1,bitas,256,122,47.656,3702
Ratas v0.1,bitas,256,123,48.047,3969
Ratas v0.1,bitas,256,124,48.438,4383
Ratas v0.1,bitas,256,125,48.828,4627
Ratas v0.1,bitas,256,126,49.219,4766
Ratas v0.1,bitas,256,127,49.609,4966
Ratas v0.1,bitas,256,128,50.000,4951
Ratas v0.1,bitas,256,129,50.391,4963
Ratas v0.1,bitas,256,130,50.781,4863
Ratas v0.1,bitas,256,131,51.172,4750
Ratas v0.1,bitas,256,132,51.562,4377
Ratas v0.1,bitas,256,133,51.953,4187
Ratas v0.1,bitas,256,134,52.344,3848
Ratas v0.1,bitas,256,135,52.734,3382
Ratas v0.1,bitas,256,136,53.125,3068
Ratas v0.1,bitas,256,137,53.516,2636
Ratas v0.1,bitas,256,138,53.906,2240
Ratas v0.1,bitas,256,139,54.297,1938
Ratas v0.1,bitas,256,140,54.688,1635
Ratas v0.1,bitas,256,141,55.078,1354
Ratas v0.1,bitas,256,142,55.469,1114
Ratas v0.1,bitas,256,143,55.859,876
Ratas v0.1,bitas,256,144,56.250,613
Ratas v0.1,bitas,256,145,56.641,525
Ratas v0.1,bitas,256,146,57.031,357
Ratas v0.1,bitas,256,147,57.422,320
Ratas v0.1,bitas,256,148,57.812,239
Ratas v0.1,bitas,256,149,58.203,178
Ratas v0.1,bitas,256,150,58.594,124
Ratas v0.1,bitas,256,151,58.984,72
Ratas v0.1,bitas,256,152,59.375,59
Ratas v0.1,bitas,256,153,59.766,32
Ratas v0.1,bitas,256,154,60.156,26
Ratas v0.1,bitas,256,155,60.547,21
Ratas v0.1,bitas,256,156,60.938,8
Ratas v0.1,bitas,256,157,61.328,7
Ratas v0.1,bitas,256,158,61.719,3
Ratas v0.1,bitas,256,159,62.109,1
Ratas v0.1,bitas,256,160,62.500,2
Ratas v0.1,bitas,256,161,62.891,1
Ratas v0.1,bitas,256,162,63.281,1
Ratas v0.1,bitas,256,163,63.672,1
Ratas v0.1,bitas,256,165,64.453,1
MD5,bitas,128,41,32.031,2
MD5,bitas,128,42,32.812,1
MD5,bitas,128,43,33.594,8
MD5,bitas,128,44,34.375,11
MD5,bitas,128,45,35.156,19
MD5,bitas,128,46,35.938,60
MD5,bitas,128,47,36.719,69
MD5,bitas,128,48,37.500,136
MD5,bitas,128,49,38.281,204
MD5,bitas,128,50,39.062,309
MD5,bitas,128,51,39.844,508
MD5,bitas,128,52,40.625,716
MD5,bitas,128,53,41.406,1095
MD5,bitas,128,54,42.188,1467
MD5,bitas,128,55,42.969,1971
MD5,bitas,128,56,43.750,2493
MD5,bitas,128,57,44.531,3254
MD5,bitas,128,58,45.312,4090
MD5,bitas,128,59,46.094,4696
MD5,bitas,128,60,46.875,5338
MD5,bitas,128,61,47.656,6189
MD5,bitas,128,62,48.438,6626
MD5,bitas,128,63,49.219,7107
MD5,bitas,128,64,50.000,6963
MD5,bitas,128,65,50.781,6841
MD5,bitas,128,66,51.562,6644
MD5,bitas,128,67,52.344,6349
MD5,bitas,128,68,53.125,5518
MD5,bitas,128,69,53.906,4786
MD5,bitas,128,70,54.688,4023
MD5,bitas,128,71,55.469,3255
MD5,bitas,128,72,56.250,2518
MD5,bitas,128,73,57.031,2062
MD5,bitas,128,74,57.812,1472
MD5,bitas,128,75,58.594,1062
MD5,bitas,128,76,59.375,792
MD5,bitas,128,77,60.156,504
MD5,bitas,128,78,60.938,325
MD5,bitas,128,79,61.719,217
MD5,bitas,128,80,62.500,135
MD5,bitas,128,81,63.281,68
MD5,bitas,128,82,64.062,49
MD5,bitas,128,83,64.844,23
MD5,bitas,128,84,65.625,16
MD5,bitas,128,85,66.406,6
MD5,bitas,128,87,67.969,2
MD5,bitas,128,89,69.531,1
SHA-1,bitas,160,53,33.125,1
SHA-1,bitas,160,54,33.750,4
SHA-1,bitas,160,55,34.375,2
SHA-1,bitas,160,56,35.000,7
SHA-1,bitas,160,57,35.625,4
SHA-1,bitas,160,58,36.250,9
SHA-1,bitas,160,59,36.875,30
SHA-1,bitas,160,60,37.500,39
SHA-1,bitas,160,61,38.125,79
SHA-1,bitas,160,62,38.750,123
SHA-1,bitas,160,63,39.375,147
SHA-1,bitas,160,64,40.000,253
SHA-1,bitas,160,65,40.625,401
SHA-1,bitas,160,66,41.250,518
SHA-1,bitas,160,67,41.875,775
SHA-1,bitas,160,68,42.500,1044
SHA-1,bitas,160,69,43.125,1381
SHA-1,bitas,160,70,43.750,1743
SHA-1,bitas,160,71,44.375,2401
SHA-1,bitas,160,72,45.000,2813
SHA-1,bitas,160,73,45.625,3339
SHA-1,bitas,160,74,46.250,3968
SHA-1,bitas,160,75,46.875,4668
SHA-1,bitas,160,76,47.500,5171
SHA-1,bitas,160,77,48.125,5663
SHA-1,bitas,160,78,48.750,5892
SHA-1,bitas,160,79,49.375,6127
SHA-1,bitas,160,80,50.000,6292
SHA-1,bitas,160,81,50.625,6245
SHA-1,bitas,160,82,51.250,6027
SHA-1,bitas,160,83,51.875,5634
SHA-1,bitas,160,84,52.500,5207
SHA-1,bitas,160,85,53.125,4676
SHA-1,bitas,160,86,53.750,4008
SHA-1,bitas,160,87,54.375,3428
SHA-1,bitas,160,88,55.000,2878
SHA-1,bitas,160,89,55.625,2297
SHA-1,bitas,160,90,56.250,1777
SHA-1,bitas,160,91,56.875,1408
SHA-1,bitas,160,92,57.500,1071
SHA-1,bitas,160,93,58.125,810
SHA-1,bitas,160,94,58.750,541
SHA-1,bitas,160,95,59.375,403
SHA-1,bitas,160,96,60.000,261
SHA-1,bitas,160,97,60.625,176
SHA-1,bitas,160,98,61.250,96
SHA-1,bitas,160,99,61.875,64
SHA-1,bitas,160,100,62.500,40
SHA-1,bitas,160,101,63.125,25
SHA-1,bitas,160,102,63.750,19
SHA-1,bitas,160,103,64.375,6
SHA-1,bitas,160,104,65.000,5
SHA-1,bitas,160,105,65.625,1
SHA-1,bitas,160,106,66.250,3
SHA-256,bitas,256,95,37.109,2
SHA-256,bitas,256,96,37.500,2
SHA-256,bitas,256,97,37.891,1
SHA-256,bitas,256,98,38.281,3
SHA-256,bitas,256,99,38.672,9
SHA-256,bitas,256,100,39.062,7
SHA-256,bitas,256,101,39.453,16
SHA-256,bitas,256,102,39.844,30
SHA-256,bitas,256,103,40.234,36
SHA-256,bitas,256,104,40.625,64
SHA-256,bitas,256,105,41.016,86
SHA-256,bitas,256,106,41.406,105
SHA-256,bitas,256,107,41.797,148
SHA-256,bitas,256,108,42.188,217
SHA-256,bitas,256,109,42.578,294
SHA-256,bitas,256,110,42.969,427
SHA-256,bitas,256,111,43.359,520
SHA-256,bitas,256,112,43.750,644
SHA-256,bitas,256,113,44.141,878
SHA-256,bitas,256,114,44.531,1109
SHA-256,bitas,256,115,44.922,1317
SHA-256,bitas,256,116,45.312,1668
SHA-256,bitas,256,117,45.703,1916
SHA-256,bitas,256,118,46.094,2211
SHA-256,bitas,256,119,46.484,2748
SHA-256,bitas,256,120,46.875,3038
SHA-256,bitas,256,121,47.266,3449
SHA-256,bitas,256,122,47.656,3783
SHA-256,bitas,256,123,48.047,4030
SHA-256,bitas,256,124,48.438,4386
SHA-256,bitas,256,125,48.828,4506
SHA-256,bitas,256,126,49.219,4880
SHA-256,bitas,256,127,49.609,5017
SHA-256,bitas,256,128,50.000,5011
SHA-256,bitas,256,129,50.391,5021
SHA-256,bitas,256,130,50.781,4775
SHA-256,bitas,256,131,51.172,4808
SHA-256,bitas,256,132,51.562,4457
SHA-256,bitas,256,133,51.953,4100
SHA-256,bitas,256,134,52.344,3728
SHA-256,bitas,256,135,52.734,3339
SHA-256,bitas,256,136,53.125,3070
SHA-256,bitas,256,137,53.516,2558
SHA-256,bitas,256,138,53.906,2215
SHA-256,bitas,256,139,54.297,1907
SHA-256,bitas,256,140,54.688,1602
SHA-256,bitas,256,141,55.078,1366
SHA-256,bitas,256,142,55.469,1054
SHA-256,bitas,256,143,55.859,854
SHA-256,bitas,256,144,56.250,703
SHA-256,bitas,256,145,56.641,545
SHA-256,bitas,256,146,57.031,370
SHA-256,bitas,256,147,57.422,275
SHA-256,bitas,256,148,57.812,209
SHA-256,bitas,256,149,58.203,141
SHA-256,bitas,256,150,58.594,113
SHA-256,bitas,256,151,58.984,75
SHA-256,bitas,256,152,59.375,46
SHA-256,bitas,256,153,59.766,36
SHA-256,bitas,256,154,60.156,25
SHA-256,bitas,256,155,60.547,16
SHA-256,bitas,256,156,60.938,16
SHA-256,bitas,256,157,61.328,7
SHA-256,bitas,256,158,61.719,4
SHA-256,bitas,256,159,62.109,4
SHA-256,bitas,256,160,62.500,1
SHA-256,bitas,256,161,62.891,2
