runs,a.bin,3ffc9fcebc47baf76ae0297594ecbb14b072d65b6abaf8f79e772ea828d8b297,1
typed,a.bin,1
text,a.bin,1
runs,b.bin,2e78ecfdcc1a905969482e4bc8eb2042b93d86805183aa490d322e3f93422c3d,1
typed,b.bin,1
text,b.bin,1
runs,empty.bin,dc978b5d0c615428b6647100b74330e6f27aad48bd15aff768e5c6308f2a4a64,1
typed,empty.bin,1
text,empty.bin,1
runs,random_1.txt,c255d00946f5710f6effe383acc26f644c25af2ea9bc65b494b41855928550fc,1
typed,random_1.txt,1
text,random_1.txt,1
runs,random_1_end.txt,39e11b865d4d944907bbd396b074046b7dddd689dda2818affe8ee0b00a6f19c,1
typed,random_1_end.txt,1
text,random_1_end.txt,1
runs,random_1_middle.txt,6cd70f475cbb16406a9bd43dbf81c216410f8a381fe777b5767a3d6601149f6f,1
typed,random_1_middle.txt,1
text,random_1_middle.txt,1
runs,random_1_start.txt,5eb3a3ae49b9c689aaeecdbd7eb7c113a2c9bfd62aaf6e3ee3f15fe3a44ae2d8,1
typed,random_1_start.txt,1
text,random_1_start.txt,1
runs,random_2.txt,f9eb3673e64947ffd719d389f0bdb60126cb454444f38e2eb384faecf4b56f6c,1
typed,random_2.txt,1
text,random_2.txt,1
runs,random_2_end.txt,8c02f15552f0a0ce805382b481be4819725229b417204556d199e17d984cdc8b,1
typed,random_2_end.txt,1
text,random_2_end.txt,1
runs,random_2_middle.txt,b822a4e9439464e8c82bfd0129ae6c161fa68160c0e9668d715c2c8c84dc4b77,1
typed,random_2_middle.txt,1
text,random_2_middle.txt,1
runs,random_2_start.txt,07099a41167e821de7df57a1bee4b228719cde91f2562d0637af3889d44a3283,1
typed,random_2_start.txt,1
text,random_2_start.txt,1
runs,random_3.txt,e38bd3120f341ddbbd4257350ddac8709f2b9638b89eed97a0fa5dbe51e638fe,1
typed,random_3.txt,1
text,random_3.txt,1
runs,random_3_end.txt,d6105407c777096e0cfbef8f1ccd33485c8a461375979e67308b048f69a07d19,1
typed,random_3_end.txt,1
text,random_3_end.txt,1
runs,random_3_middle.txt,0fdba81ae4df2d68c686274d595ea6eda84686de4a9d9a84a40c738f0699c3aa,1
typed,random_3_middle.txt,1
text,random_3_middle.txt,1
runs,random_3_start.txt,b6619e0a708321c1062978c0d691a492eeaf6670dc649a245eb0e203082328e8,1
typed,random_3_start.txt,1
text,random_3_start.txt,1
runs,struct_len15.txt,b4910e6527fb48189de65ea4b933f87e4639035ee8643ef248135ed1a471e1af,1
typed,struct_len15.txt,1
text,struct_len15.txt,1
runs,struct_len16.txt,f6ce4174637b98532fddf254d9413348aa6adcce61098f69646757e2e688de61,1
typed,struct_len16.txt,1
text,struct_len16.txt,1
runs,struct_len17.txt,78a2b011ac1ed9b6f79272052bb28d14018d758aa9ea082327f626f84d88d03a,1
typed,struct_len17.txt,1
text,struct_len17.txt,1
runs,struct_newline_crlf.txt,7acfced5af0109b6c04bb26861007a8c130e22bbdece8dc08e0c60d443a0f328,1
runs,struct_newline_lf.txt,9b3b39a5292fa8a4ba876e12a20868695b397a3e201e71d944271e545d33df74,1
runs,struct_order_abc.txt,7197b11599ea68b011da38f9cf0e99e4840276f000c2be150d75f1550bdef430,1
typed,struct_order_abc.txt,1
text,struct_order_abc.txt,1
runs,struct_order_cba.txt,c79b99df4e7bd8b68239b9930bc36c23f5a88e955068006876145f8ca8d1bd3c,1
typed,struct_order_cba.txt,1
text,struct_order_cba.txt,1
runs,struct_order_words1.txt,dcdf5d0e569dcc6467c46c7ba62fb517bf379e4000b1cc452b8d19f40678eb62,1
typed,struct_order_words1.txt,1
text,struct_order_words1.txt,1
runs,struct_order_words2.txt,185e6d9fd197b7f79a9badaef3f29ef7ab41d4fb2e446ddcdfcaa49cf9191be0,1
typed,struct_order_words2.txt,1
text,struct_order_words2.txt,1
runs,struct_pad_ab.txt,abf6c289948f8e05c16f13aabfb1b302e5f1813c2b93c7571239a1e49c28214b,1
typed,struct_pad_ab.txt,1
text,struct_pad_ab.txt,1
runs,struct_pad_ab0.txt,90de78fe19d72167282efe6bb610fc54017798de7fa0683f5fa6de27377ffbe3,1
runs,struct_repeat_a.txt,79fe83b45ce96c8f0e8808a9a1669da6a1762c832806583cfcf352108463ade1,1
typed,struct_repeat_a.txt,1
text,struct_repeat_a.txt,1
runs,struct_repeat_ab.txt,ba8fa52f3f4460fbbc89abc873547de0f1af3ad3c6e2d3a14d23598131dd78fe,1
typed,struct_repeat_ab.txt,1
text,struct_repeat_ab.txt,1
runs,struct_space_lead.txt,b8805ca3f544afef6984736003b4d37e290bcfaaad814fa18ab65682a40dea6e,1
typed,struct_space_lead.txt,1
text,struct_space_lead.txt,1
runs,struct_space_none.txt,836d7a3e192bf1e3c7f4138233c5e86dc833d3da017d481b7a1dbe40ec9891af,1
typed,struct_space_none.txt,1
text,struct_space_none.txt,1
runs,struct_space_none_copy.txt,836d7a3e192bf1e3c7f4138233c5e86dc833d3da017d481b7a1dbe40ec9891af,1
typed,struct_space_none_copy.txt,1
text,struct_space_none_copy.txt,1
runs,struct_space_trail.txt,ce43eae68ba6bc40b98715fd4b1367d2be7263ab5a9af64212118b1eb0bfa287,1
typed,struct_space_trail.txt,1
text,struct_space_trail.txt,1
runs,utf8_lt.txt,b8998088bf06b21c6e2dd14a7cdc4ac14e0c18a31ee1d0263fb86b72447fcc50,1
typed,utf8_lt.txt,1
text,utf8_lt.txt,1
runs,utf8_mixed.txt,c257ea7b63b55f10107880f2a6aa44cd9c39d77e9bdfa2a2e1a908beb5815a53,1
typed,utf8_mixed.txt,1
text,utf8_mixed.txt,1
