pairs,ratas,10,100000,0,0,200000,200000,0
trunc,ratas,10,24,200000,1177,1192.087
trunc,ratas,10,32,200000,5,4.657
trunc,ratas,10,40,200000,0,0.018
pairs,ratas,100,100000,0,0,200000,200000,0
trunc,ratas,100,24,200000,1200,1192.087
trunc,ratas,100,32,200000,1,4.657
trunc,ratas,100,40,200000,0,0.018
pairs,ratas,500,100000,0,0,200000,200000,0
trunc,ratas,500,24,200000,1249,1192.087
trunc,ratas,500,32,200000,2,4.657
trunc,ratas,500,40,200000,0,0.018
pairs,ratas,1000,100000,0,0,200000,200000,0
trunc,ratas,1000,24,200000,1145,1192.087
trunc,ratas,1000,32,200000,6,4.657
trunc,ratas,1000,40,200000,0,0.018
