input,beDI,a.bin,1,1,c65cfefd8cd3f6fcac0b3c3f02e67f037320a8d4c04718c9863b1a07ffc13a71,1,1
input,beDI,b.bin,1,1,02ab611e7bd95570c0407cc229bd3ed3ad891eb42c840ec43750c4e8cc6278e8,1,1
input,beDI,empty.bin,0,0,5c39cf532414769f66f73b799efcb7b3ac4f5dac1cb87914d96a62b4dce77449,1,1
input,beDI,random_1.txt,1500,1500,90338c2606d8f89a1f24e031c0cd03b3374fac5f6d4a59856ed762f180c9d118,1,1
input,beDI,random_1_end.txt,1500,1500,d2ab5fbc5666dde31b25795036b9533033e89966d3aa7070ecfd5a3b04e6ea3c,1,1
input,beDI,random_1_middle.txt,1500,1500,2dc9fd07c4a161f68714cd12fa6c5dc705efb54cd62f8f0d7f45ab5b9c4a5fb6,1,1
input,beDI,random_1_start.txt,1500,1500,08165985bf4125c3072d4c1c7b1174b46e52186c76e242dc6eb817b3944b595d,1,1
input,beDI,random_2.txt,2048,2048,9ca2ab8349fd26ab7f5ed108bdcce70f474e1a0e20d2c1fe596e191586e286a3,1,1
input,beDI,random_2_end.txt,2048,2048,b97a0d467ef6e5a3228571ad9937ec09523ed2eddfb93b0c9af88d98a6d8d957,1,1
input,beDI,random_2_middle.txt,2048,2048,b1d52a12c61286406f3697fd215ebd18065427e36f8ccb77e44defed2302da5a,1,1
input,beDI,random_2_start.txt,2048,2048,68bc6e7291a0ebfcb3e619fdb2c84aa7ce0d64b48f297864d261906f571d99bb,1,1
input,beDI,random_3.txt,4096,4096,b68de56738eea5b2ca1060dc8efbd2f3c95716bdfbdd0250008f5bb5ae50e632,1,1
input,beDI,random_3_end.txt,4096,4096,2339d3736bdf68965d4e1ace10c46c8ae544ddbd9310235fc296ebc93aee70f4,1,1
input,beDI,random_3_middle.txt,4096,4096,9b7ea28790bedd84f71ffab22dbaf1a8d3c2ae81e23eeba9d6356888b9f3e021,1,1
input,beDI,random_3_start.txt,4096,4096,ef827d0424fa443efc7d6c3d24d031dad6d195d7dc66e52f5d15cc1499c5b266,1,1
input,beDI,struct_len15.txt,15,15,c5324ed813a0636a4fbef117c32794b349e16844b314aca971b408f3d1e16cd1,1,1
input,beDI,struct_len16.txt,16,16,fed586efe1b6aca7afc6531dc0b81166f6093255146c90c03bb0f99b3a5575a0,1,1
input,beDI,struct_len17.txt,17,17,5ab7d770fb5758a491cfcacc76474ef682ab128831c3ff30fdd0c20409db8ba9,1,1
input,beDI,struct_newline_crlf.txt,9,9,3b80238e3654f920b8aef701e6c07fe25604e76ac96e7a27dfda8f47d71e5e91,1,1
input,beDI,struct_newline_lf.txt,8,8,b35b9153368123745e8f40cb6d8335d091635e59f23de0b00a63592f15cf2623,1,1
input,beDI,struct_order_abc.txt,3,3,e43d118f0fad59b9f003f8de4a68c7ca7f0acfb908e42b13002dd0db46d7c798,1,1
input,beDI,struct_order_cba.txt,3,3,7fea1005d766298dc2716334336a18a25cf765e766ab6593b7af289572cd9939,1,1
input,beDI,struct_order_words1.txt,11,11,7cea7ad822670e8b0456124742569a5914bd74da3d60a86a7f2af2768fa4266f,1,1
input,beDI,struct_order_words2.txt,11,11,9a1a810cec2dd9296d31686a615165712e03917c2ebbc832f7a61c41e4191109,1,1
input,beDI,struct_pad_ab.txt,2,2,9ffecc08129c46d393788e9cb70760993db7bf1f52768073376f292cfdd8c2fa,1,1
input,beDI,struct_pad_ab0.txt,3,3,28263cfa47a63dc96fd50d0c0cd01b7e50e495c024ec1814591c20db943faa63,1,1
input,beDI,struct_repeat_a.txt,32,32,56aa0c81f5b806a5006cac9b0b2ca06eaba467f38ae224d1412bec5e7aef659d,1,1
input,beDI,struct_repeat_ab.txt,32,32,75d054e1c83c66647611031eadae1e77e32cb64e0fe0ff7dd6c423ce403a3a66,1,1
input,beDI,struct_space_lead.txt,8,8,35c623b3275e0288b762742b7c5ff2973e104b118a7a850688295d43fd20cc0a,1,1
input,beDI,struct_space_none.txt,7,7,ec17c9204be10c95b3c293b5a24ab9239bd0ae2cc72e73c9f09e9b583dd9294f,1,1
input,beDI,struct_space_none_copy.txt,7,7,ec17c9204be10c95b3c293b5a24ab9239bd0ae2cc72e73c9f09e9b583dd9294f,1,1
input,beDI,struct_space_trail.txt,8,8,256bf2e8f43a305573538e5c4e24ab18b4edb9b13105c97752e8c3c8c948ea11,1,1
input,beDI,utf8_lt.txt,26,15,0cd6d55c9b78c4c3bdc0fffd0c974ef7ec42c26f2f875e8190f7ee11da4b5d09,1,1
input,beDI,utf8_mixed.txt,23,19,f7467f49cd32c8b9959c7c007302b8f67922a229ec1edcb362831b3249820b9b,1,1
aba,beDI,1
repeat,beDI,random_3.txt,1000,1
leadex,beDI,0179,009150c31b42e48a000c9a8567dea75d5e56480e2fd12611d0e2ed180adccabf,1
leadex,beDI,0284,00a6e6d6cdd1ff52fc2233ad476a55708f41b0e3f6682898eeb28d28f8459030,1
leadex,beDI,0488,002bc6271ad89aeebcc33f4f38cd8817ecadaeec196a9a4ee27292393ff7c94e,1
lead,beDI,10000,616,48
