input,beDI,a.bin,1,1,3eb973212ce7ce3d2c540f525da6c6974ee0813fc3edf1abae8d64a8eb2a0d18,1,1
input,beDI,b.bin,1,1,a76abbfd6bcca7132788895d1e7edb57b73389e98a1165731138471728a51d07,1,1
input,beDI,empty.bin,0,0,5b0c66f97035a8f58d772c7f4411893aa25cfbe63a2f757de004065e3a62f0c5,1,1
input,beDI,random_1.txt,1500,1500,28ff67d55c1ce8ed0bb5cf63c4477ab4bfea9795aa5858f6d9c2d6391a80ee54,1,1
input,beDI,random_1_end.txt,1500,1500,e9118f928a1ebcb15b60d6d1b7aaa8e05dda3fd3c91265a239c2a7e199e3e8bb,1,1
input,beDI,random_1_middle.txt,1500,1500,e9cd58f2f43e803184eac3f88ac51cd5bab2aaf1eee41abf7e8fa2143c3704a9,1,1
input,beDI,random_1_start.txt,1500,1500,dd0adb0cfd509f2e5adaa1f76fe16c6a143a1d554abd263e319ca17bcb42b4fb,1,1
input,beDI,random_2.txt,2048,2048,d1bbbc5e3023dcb9e90b7a23969995a4263c00f3a9860079491bf5251ff1de35,1,1
input,beDI,random_2_end.txt,2048,2048,d020ac42b04e7ba20800a7eef8b498b226e4702659c271dd9205388ca1285d4e,1,1
input,beDI,random_2_middle.txt,2048,2048,7ec916d1565052e1fc658f1a39c09af6f27dac1db82a10ad82070363df89d2af,1,1
input,beDI,random_2_start.txt,2048,2048,de431f0d65dd624a107e12789963aa85bb642f2e800a5bf580257095c3b89617,1,1
input,beDI,random_3.txt,4096,4096,5d6968c7e10a988ac6acdeb5cd2bf3e4455b152e43e931f0352e6e4a1b75bb72,1,1
input,beDI,random_3_end.txt,4096,4096,753748f53c527c0aa1aa35cec795e7b2e36d9fecfc36ce9fa00812282ace4141,1,1
input,beDI,random_3_middle.txt,4096,4096,9f61871fdef07af5ea24ee04f51dd87c635e94f3ceafb7829cc1f8c80f49a1cd,1,1
input,beDI,random_3_start.txt,4096,4096,41537ffe5033c4569bdcd227d9f0f401111e9c5d29c46bad03ee5920fc911c3c,1,1
input,beDI,struct_len15.txt,15,15,ad9b2cf0d2719bf7ed4a9bbd03841d2c815fa1e6833c6baf9cfd5a21159a0c65,1,1
input,beDI,struct_len16.txt,16,16,469dea3d548d70d4892124d4bfb1198c325e394fd8a5d2a47ce4f6f86337ef9b,1,1
input,beDI,struct_len17.txt,17,17,c8e67a3dea217da536fc0328f8ff2aba43f12c67b6a87595fd667bbd1abe0c1e,1,1
input,beDI,struct_newline_crlf.txt,9,9,4573234ceebf4245aa601e934716e787ad740965d60cf38a9a46923d46d7b365,1,1
input,beDI,struct_newline_lf.txt,8,8,b34e3663716f3c8b27f44a1abfe2517aa68a4f53d148555b51759535e721fafa,1,1
input,beDI,struct_order_abc.txt,3,3,acbd9460c71c3bbbcdd78c5dbbe6aae11f713d23e30c62b55ddc53bc6689b58b,1,1
input,beDI,struct_order_cba.txt,3,3,3c63b188f3d67075bdebf2eb4ffeba4e6ebc8a6c23fe3a3e5c3da70b45b59176,1,1
input,beDI,struct_order_words1.txt,11,11,948e37a450b7738e0429ce1171302711478f33367d6e9960657cfd4ca6cfe992,1,1
input,beDI,struct_order_words2.txt,11,11,5751c7aee912384b6c56f485a2983ca83230abb448b8567f02fdd7d0a93e476d,1,1
input,beDI,struct_pad_ab.txt,2,2,812b2ffdd1ae5ee19b59cc908aa192ada1b308bd7c784dc7a337314749b1e11c,1,1
input,beDI,struct_pad_ab0.txt,3,3,27c5e07f891f11dfed781000b6f92a4a4886dfd469b2b9910a630e0eb6888008,1,1
input,beDI,struct_repeat_a.txt,32,32,0f357a67fcddb376a4da65bbc773b1a96d6702c41e2da4486154748b050eb1cf,1,1
input,beDI,struct_repeat_ab.txt,32,32,e319e147d5435b448ebae0f28e2a8310b8c23361e39a71af424179a64f046ded,1,1
input,beDI,struct_space_lead.txt,8,8,f6d831328ef34e8df6b1c64b75e4e05dd74a2d2b043bf544b8445f32040be5b1,1,1
input,beDI,struct_space_none.txt,7,7,7dec86d666c9fdcc6b77d8574f94c9f94ad3d4f209bc41d800ab6dbb7c96d786,1,1
input,beDI,struct_space_none_copy.txt,7,7,7dec86d666c9fdcc6b77d8574f94c9f94ad3d4f209bc41d800ab6dbb7c96d786,1,1
input,beDI,struct_space_trail.txt,8,8,14efdde82bf23c5fce88866cfe04fd388355adf5767170bad92596cea1788388,1,1
input,beDI,utf8_lt.txt,26,15,01bd01fba24e5a813f71560bfdd4a45262bccc998ee8e0e625714de919b75a3c,1,1
input,beDI,utf8_mixed.txt,23,19,2ebf21db99ef7d034f9264f542a2fb3c89c52a0c50508fce1bef4519db76e17a,1,1
aba,beDI,1
repeat,beDI,random_3.txt,1000,1
leadex,beDI,0200,00a752f7c5bd1f52961d7f26b359bfa389fef8bbe61e9ea9bbe92505dd7909ab,1
leadex,beDI,0920,0094782310af0cd6fad922a5adaee558f83aa7d5a9fa51d445c17724c66627f5,1
leadex,beDI,0979,0059dd5b735a05e72ab3391d032b88e12cd4c899bd43e48cf619ac42f00fca1f,1
lead,beDI,10000,626,50
