aval,beDI,simbolis,10,25000,37.8906,64.0625,50.0112,3.1245,78.1250,100.0000,93.7504,3.0208
aval,beDI,simbolis,100,25000,36.3281,61.7188,49.9705,3.1207,76.5625,100.0000,93.7050,3.0459
aval,beDI,simbolis,500,25000,36.7188,63.6719,49.9863,3.1622,79.6875,100.0000,93.7599,3.0300
aval,beDI,simbolis,1000,25000,38.6719,62.5000,50.0090,3.1162,79.6875,100.0000,93.7451,3.0070
aval,beDI,simbolis,visi,100000,36.3281,64.0625,49.9942,3.1310,76.5625,100.0000,93.7401,3.0260
hist,beDI,simbolis,93,1
hist,beDI,simbolis,94,1
hist,beDI,simbolis,95,2
hist,beDI,simbolis,97,2
hist,beDI,simbolis,98,3
hist,beDI,simbolis,99,9
hist,beDI,simbolis,100,16
hist,beDI,simbolis,101,23
hist,beDI,simbolis,102,18
hist,beDI,simbolis,103,44
hist,beDI,simbolis,104,61
hist,beDI,simbolis,105,75
hist,beDI,simbolis,106,107
hist,beDI,simbolis,107,153
hist,beDI,simbolis,108,208
hist,beDI,simbolis,109,296
hist,beDI,simbolis,110,418
hist,beDI,simbolis,111,574
hist,beDI,simbolis,112,680
hist,beDI,simbolis,113,829
hist,beDI,simbolis,114,1111
hist,beDI,simbolis,115,1300
hist,beDI,simbolis,116,1641
hist,beDI,simbolis,117,1959
hist,beDI,simbolis,118,2264
hist,beDI,simbolis,119,2671
hist,beDI,simbolis,120,3017
hist,beDI,simbolis,121,3378
hist,beDI,simbolis,122,3703
hist,beDI,simbolis,123,4276
hist,beDI,simbolis,124,4366
hist,beDI,simbolis,125,4703
hist,beDI,simbolis,126,4815
hist,beDI,simbolis,127,5021
hist,beDI,simbolis,128,4973
hist,beDI,simbolis,129,4877
hist,beDI,simbolis,130,4797
hist,beDI,simbolis,131,4583
hist,beDI,simbolis,132,4336
hist,beDI,simbolis,133,3988
hist,beDI,simbolis,134,3743
hist,beDI,simbolis,135,3372
hist,beDI,simbolis,136,3087
hist,beDI,simbolis,137,2633
hist,beDI,simbolis,138,2337
hist,beDI,simbolis,139,1964
hist,beDI,simbolis,140,1716
hist,beDI,simbolis,141,1272
hist,beDI,simbolis,142,1099
hist,beDI,simbolis,143,864
hist,beDI,simbolis,144,649
hist,beDI,simbolis,145,552
hist,beDI,simbolis,146,423
hist,beDI,simbolis,147,280
hist,beDI,simbolis,148,218
hist,beDI,simbolis,149,137
hist,beDI,simbolis,150,106
hist,beDI,simbolis,151,95
hist,beDI,simbolis,152,53
hist,beDI,simbolis,153,39
hist,beDI,simbolis,154,28
hist,beDI,simbolis,155,10
hist,beDI,simbolis,156,11
hist,beDI,simbolis,157,3
hist,beDI,simbolis,158,4
hist,beDI,simbolis,159,1
hist,beDI,simbolis,160,2
hist,beDI,simbolis,162,1
hist,beDI,simbolis,163,1
hist,beDI,simbolis,164,1
aval,beDI,bitas,10,25000,37.1094,61.3281,49.9852,3.1475,76.5625,100.0000,93.7223,3.0337
aval,beDI,bitas,100,25000,35.9375,64.0625,50.0085,3.1359,76.5625,100.0000,93.7294,2.9911
aval,beDI,bitas,500,25000,35.9375,64.8438,50.0064,3.1183,81.2500,100.0000,93.7368,3.0052
aval,beDI,bitas,1000,25000,38.2812,62.5000,49.9901,3.1359,78.1250,100.0000,93.7412,3.0312
aval,beDI,bitas,visi,100000,35.9375,64.8438,49.9975,3.1344,76.5625,100.0000,93.7324,3.0154
hist,beDI,bitas,92,2
hist,beDI,bitas,94,1
hist,beDI,bitas,95,2
hist,beDI,bitas,96,2
hist,beDI,bitas,98,7
hist,beDI,bitas,99,6
hist,beDI,bitas,100,11
hist,beDI,bitas,101,25
hist,beDI,bitas,102,23
hist,beDI,bitas,103,36
hist,beDI,bitas,104,40
hist,beDI,bitas,105,81
hist,beDI,bitas,106,114
hist,beDI,bitas,107,139
hist,beDI,bitas,108,220
hist,beDI,bitas,109,278
hist,beDI,bitas,110,400
hist,beDI,bitas,111,484
hist,beDI,bitas,112,694
hist,beDI,bitas,113,887
hist,beDI,bitas,114,1087
hist,beDI,bitas,115,1301
hist,beDI,bitas,116,1694
hist,beDI,bitas,117,1881
hist,beDI,bitas,118,2319
hist,beDI,bitas,119,2700
hist,beDI,bitas,120,3075
hist,beDI,bitas,121,3472
hist,beDI,bitas,122,3799
hist,beDI,bitas,123,4149
hist,beDI,bitas,124,4399
hist,beDI,bitas,125,4571
hist,beDI,bitas,126,4816
hist,beDI,bitas,127,5040
hist,beDI,bitas,128,5082
hist,beDI,bitas,129,4876
hist,beDI,bitas,130,4740
hist,beDI,bitas,131,4605
hist,beDI,bitas,132,4317
hist,beDI,bitas,133,4039
hist,beDI,bitas,134,3623
hist,beDI,bitas,135,3426
hist,beDI,bitas,136,3062
hist,beDI,bitas,137,2613
hist,beDI,bitas,138,2267
hist,beDI,bitas,139,2015
hist,beDI,bitas,140,1641
hist,beDI,bitas,141,1312
hist,beDI,bitas,142,1033
hist,beDI,bitas,143,850
hist,beDI,bitas,144,696
hist,beDI,bitas,145,572
hist,beDI,bitas,146,391
hist,beDI,bitas,147,262
hist,beDI,bitas,148,240
hist,beDI,bitas,149,175
hist,beDI,bitas,150,124
hist,beDI,bitas,151,95
hist,beDI,bitas,152,63
hist,beDI,bitas,153,44
hist,beDI,bitas,154,30
hist,beDI,bitas,155,21
hist,beDI,bitas,156,12
hist,beDI,bitas,157,8
hist,beDI,bitas,158,5
hist,beDI,bitas,159,1
hist,beDI,bitas,160,1
hist,beDI,bitas,161,2
hist,beDI,bitas,164,1
hist,beDI,bitas,166,1
